Program identifier,Target name,Right Ascension,Declination,Instrument,Dispersive Element,Phase Start,Phase End,Observing Mode,Scan Rate,Visit identifier,Date/Time Start,Date/Time End,Orbits,Status,PI name,Proprietary Period (Months),Direct image,White light curve,XY drift map
11495,WASP-3/USNO-B1.01256-0285133,18:34:31.6300,+35:39:41.52,WFC3/IR,G102,0.94459,0.94831,Stare,0.000,04,Jun 13 2010 05:48:53,Jun 13 2010 13:09:04,5,Archived,Haswell,0,N/A,N/A,N/A
11622,GJ-436,11:42:11.0941,+26:42:23.65,WFC3/IR,G141,0.94180,0.94380,Forward,0.990,01,May 01 2012 21:21:25,May 02 2012 02:45:15,4,Failed,Knutson,12,Yes,Yes,Yes
11622,GJ-436,11:42:11.0941,+26:42:23.65,WFC3/IR,G141,0.94380,0.94580,Forward,0.990,02,Oct 26 2012 00:57:43,Oct 26 2012 06:32:52,4,Archived,Knutson,12,Yes,Yes,Yes
11622,GJ-436,11:42:11.0941,+26:42:23.65,WFC3/IR,G141,0.94160,0.94380,Forward,0.990,03,Nov 29 2012 09:52:46,Nov 29 2012 15:28:03,4,Archived,Knutson,12,Yes,Yes,Yes
11622,GJ-436,11:42:11.0941,+26:42:23.65,WFC3/IR,G141,0.94320,0.94580,Forward,0.990,04,Dec 09 2012 23:36:04,Dec 10 2012 05:11:03,4,Archived,Knutson,12,Yes,Yes,Yes
11622,GJ-436,11:42:11.0941,+26:42:23.65,WFC3/IR,G141,0.94180,0.94380,Forward,0.990,51,Jan 02 2013 18:42:31,Jan 03 2013 00:00:27,4,Archived,Knutson,12,Yes,Yes,Yes
11740,HD-189733,20:00:43.7133,+22:42:39.07,WFC3/IR,G141,0.92560,0.93590,Stare,0.000,05,Nov 10 2010 02:21:33,Nov 10 2010 08:02:27,4,Archived,Pont,12,N/A,N/A,N/A
11740,HD-189733,20:00:43.7133,+22:42:39.07,WFC3/IR,G141,0.92560,0.93590,Stare,0.000,06,Sep 04 2010 12:34:08,Sep 04 2010 18:16:45,4,Archived,Pont,12,N/A,N/A,N/A
12181,HAT-P-12,13:57:33.5000,+43:29:36.70,WFC3/IR,G141,0.93600,0.95200,Stare,0.000,01,May 29 2011 03:59:56,May 29 2011 09:51:01,4,Archived,Deming,12,N/A,N/A,N/A
12181,WASP-12,06:30:32.8000,+29:40:20.00,WFC3/IR,G141,0.81600,0.84300,Stare,0.000,02,Oct 10 2010 15:14:42,Oct 10 2010 21:10:06,4,Archived,Deming,12,N/A,N/A,N/A
12181,TRES-2,19:07:14.0400,+49:18:59.10,WFC3/IR,G141,0.91900,0.95200,Stare,0.000,03,Oct 09 2010 20:57:34,Oct 10 2010 02:46:42,4,Archived,Deming,12,N/A,N/A,N/A
12181,WASP-18,01:37:25.0300,-45:40:40.40,WFC3/IR,G141,0.85800,0.89300,Stare,0.000,05,Jun 25 2011 13:05:39,Jun 25 2011 18:42:19,4,Archived,Deming,12,N/A,N/A,N/A
12181,WASP-17,15:59:50.9500,-28:03:42.30,WFC3/IR,G141,0.93700,0.94500,Stare,0.000,06,Jul 08 2011 01:01:25,Jul 08 2011 08:13:08,5,Archived,Deming,12,N/A,N/A,N/A
12181,XO-1,16:02:11.8400,+28:10:10.40,WFC3/IR,G141,0.95000,0.95500,Forward,0.050,07,Sep 30 2011 03:43:55,Sep 30 2011 10:48:27,5,Archived,Deming,12,Yes,Yes,Yes
12181,TRES-4,17:53:13.0000,+37:12:42.00,WFC3/IR,G141,0.93400,0.94200,Stare,0.000,08,Nov 23 2010 19:22:11,Nov 24 2010 02:44:22,5,Archived,Deming,12,N/A,N/A,N/A
12181,HAT-P-13,08:39:31.8000,+47:21:07.30,WFC3/IR,G141,0.92500,0.94700,Stare,0.000,09,Sep 08 2010 02:09:04,Sep 08 2010 09:40:11,5,Archived,Deming,12,N/A,N/A,N/A
12181,HAT-P-7,19:28:59.3600,+47:58:10.30,WFC3/IR,G141,0.89600,0.90400,Stare,0.000,10,Jul 18 2011 13:28:50,Jul 18 2011 20:50:55,5,Archived,Deming,12,N/A,N/A,N/A
12181,HAT-P-7,19:28:59.3600,+47:58:10.30,WFC3/IR,G141,0.39600,0.40400,Stare,0.000,11,Sep 29 2010 10:18:04,Sep 29 2010 17:42:44,5,Archived,Deming,12,N/A,N/A,N/A
12181,HAT-P-7,19:28:59.3600,+47:58:10.30,WFC3/IR,G141,0.39600,0.40400,Stare,0.000,12,Dec 06 2010 18:56:10,Dec 07 2010 02:14:21,5,Archived,Deming,12,N/A,N/A,N/A
12181,HAT-P-7,19:28:59.3600,+47:58:10.30,WFC3/IR,G141,0.41100,0.41900,Stare,0.000,13,Jul 04 2011 06:08:58,Jul 04 2011 13:31:40,5,Archived,Deming,12,N/A,N/A,N/A
12181,WASP-4,23:34:15.0600,-42:03:41.10,WFC3/IR,G141,0.85600,0.86700,Stare,0.000,14,Nov 25 2010 11:33:53,Nov 25 2010 18:48:00,5,Archived,Deming,12,N/A,N/A,N/A
12181,WASP-19,09:53:40.0800,-45:39:33.10,WFC3/IR,G141,0.79500,0.81700,Stare,0.000,15,Jul 01 2011 08:49:57,Jul 01 2011 14:33:43,4,Archived,Deming,12,N/A,N/A,N/A
12181,TRES-3,17:52:07.0000,+37:32:46.20,WFC3/IR,G141,0.37500,0.39100,Stare,0.000,16,Mar 02 2011 17:12:23,Mar 02 2011 22:51:43,4,Archived,Deming,12,N/A,N/A,N/A
12181,COROT-1,06:48:19.1720,-03:06:08.00,WFC3/IR,G141,0.87300,0.88100,Stare,0.000,17,Jan 23 2012 21:36:59,Jan 24 2012 03:21:50,4,Archived,Deming,12,N/A,N/A,N/A
12181,WASP-19,09:53:40.0800,-45:39:33.10,WFC3/IR,G141,0.29500,0.31700,Stare,0.000,18,Jun 09 2011 16:23:48,Jun 09 2011 21:41:05,4,Archived,Deming,12,N/A,N/A,N/A
12181,COROT-1,06:48:19.1720,-03:06:08.00,WFC3/IR,G141,0.36500,0.39500,Stare,0.000,19,Jan 17 2012 02:45:15,Jan 17 2012 08:30:06,4,Archived,Deming,12,N/A,N/A,N/A
12181,COROT-1,06:48:19.1720,-03:06:08.00,WFC3/IR,G141,0.36500,0.39500,Stare,0.000,20,Jan 27 2012 15:48:32,Jan 27 2012 22:22:59,4,Archived,Deming,12,N/A,N/A,N/A
12181,COROT-1,06:48:19.1720,-03:06:08.00,WFC3/IR,G141,0.36500,0.39500,Stare,0.000,21,Feb 05 2012 17:45:29,Feb 05 2012 23:30:31,4,Archived,Deming,12,N/A,N/A,N/A
12181,COROT-2,19:27:06.5000,+01:23:01.40,WFC3/IR,G141,0.41400,0.42200,Stare,0.000,22,Sep 16 2011 09:27:05,Sep 16 2011 15:09:27,4,Archived,Deming,12,N/A,N/A,N/A
12181,COROT-2,19:27:06.5000,+01:23:01.40,WFC3/IR,G141,0.39700,0.40500,Stare,0.000,23,Oct 18 2010 11:03:45,Oct 18 2010 16:47:21,4,Archived,Deming,12,N/A,N/A,N/A
12181,COROT-2,19:27:06.5000,+01:23:01.40,WFC3/IR,G141,0.38600,0.39100,Stare,0.000,24,Sep 23 2011 07:31:35,Sep 23 2011 13:13:52,4,Archived,Deming,12,N/A,N/A,N/A
12181,WASP-4,23:34:15.0600,-42:03:41.10,WFC3/IR,G141,0.35600,0.36700,Stare,0.000,25,Nov 27 2010 11:33:44,Nov 27 2010 18:47:53,5,Archived,Deming,12,N/A,N/A,N/A
12181,HD-209458,22:03:10.7800,+18:53:03.70,WFC3/IR,G141,0.94100,0.94800,Forward,0.900,26,Sep 25 2012 13:42:19,Sep 25 2012 21:29:52,5,Archived,Deming,12,Yes,Yes,Yes
12181,HD-189733,20:00:43.7100,+22:42:39.10,WFC3/IR,G141,0.92200,0.93200,Forward,0.990,27,Sep 10 2011 00:18:28,Sep 10 2011 07:02:32,4,Archived,Deming,12,N/A,N/A,N/A
12251,GJ-1214,17:15:18.9180,+04:57:50.09,WFC3/IR,G141,0.90000,0.91200,Stare,0.000,01,Mar 28 2011 14:34:08,Mar 28 2011 20:24:37,4,Archived,Berta,12,N/A,N/A,N/A
12251,GJ-1214,17:15:18.9180,+04:57:50.09,WFC3/IR,G141,0.90000,0.91200,Stare,0.000,02,Oct 08 2010 22:27:12,Oct 09 2010 04:15:05,4,Archived,Berta,12,N/A,N/A,N/A
12251,GJ-1214,17:15:18.9180,+04:57:50.09,WFC3/IR,G141,0.90000,0.91200,Stare,0.000,03,Jul 23 2011 13:11:57,Jul 23 2011 18:59:40,4,Archived,Berta,12,N/A,N/A,N/A
12449,HAT-P-11,19:50:50.1400,+48:04:49.00,WFC3/IR,G141,0.96700,0.97100,Forward,0.370,01,Oct 18 2012 04:58:38,Oct 18 2012 10:50:41,4,Archived,Deming,12,Yes,Yes,Yes
12449,HAT-P-11,19:50:50.1400,+48:04:49.00,WFC3/IR,G141,0.96200,0.96600,Forward,0.370,02,Dec 15 2012 20:03:14,Dec 16 2012 00:54:06,4,Archived,Deming,12,Yes,Yes,Yes
12473,WASP-31,11:17:45.3570,-19:03:17.21,WFC3/IR,G141,0.95120,0.95560,Forward,0.019,25,May 13 2012 12:41:16,May 13 2012 20:03:06,5,Archived,Sing,12,Yes,Yes,Yes
12473,HAT-P-1,22:57:46.3540,+38:40:28.11,WFC3/IR,G141,0.95000,0.95400,Forward,0.150,26,Jul 05 2012 15:07:44,Jul 05 2012 22:26:04,5,Archived,Sing,12,Yes,Yes,Yes
12495,WASP-33,02:26:51.0600,+37:33:01.80,WFC3/IR,G141,0.34000,0.34800,Forward,0.250,01,Jan 14 2013 10:46:14,Jan 14 2013 18:03:23,5,Archived,Deming,12,Yes,Yes,Yes
12495,WASP-33,02:26:51.0600,+37:33:01.80,WFC3/IR,G141,0.31750,0.32550,Forward,0.250,02,Nov 25 2012 09:34:43,Nov 25 2012 16:37:47,5,Archived,Deming,12,Yes,Yes,Yes
12881,HD-189733,20:00:43.7100,+22:42:39.10,WFC3/IR,G141,0.90000,0.90600,Reverse,2.000,11,Jun 05 2013 11:24:49,Jun 05 2013 18:40:41,5,Archived,McCullough,3,Yes,Yes,Yes
12881,HD-189733,20:00:43.7100,+22:42:39.10,WFC3/IR,G141,0.40000,0.40600,Reverse,2.000,13,Jun 24 2013 08:17:48,Jun 24 2013 15:35:21,5,Archived,McCullough,3,Yes,Yes,Yes
12955,KEPLER-11,19:48:27.6220,+41:54:32.87,WFC3/IR,G141,0.98800,0.99160,Stare,0.000,01,Nov 18 2013 04:27:08,Nov 18 2013 05:23:44,1,Archived,Deroo,12,N/A,N/A,N/A
12955,KEPLER-11,19:48:27.6220,+41:54:32.87,WFC3/IR,G141,N/A,N/A,Stare,0.000,04,Nov 18 2013 06:02:49,Nov 18 2013 06:58:30,1,Archived,Deroo,12,N/A,N/A,N/A
12955,KEPLER-11,19:48:27.6220,+41:54:32.87,WFC3/IR,G141,N/A,N/A,Stare,0.000,05,Nov 18 2013 07:38:31,Nov 18 2013 08:34:12,1,Archived,Deroo,12,N/A,N/A,N/A
12955,KEPLER-11,19:48:27.6220,+41:54:32.87,WFC3/IR,G141,N/A,N/A,Stare,0.000,06,Nov 18 2013 09:14:13,Nov 18 2013 10:09:54,1,Archived,Deroo,12,N/A,N/A,N/A
12955,KEPLER-11,19:48:27.6220,+41:54:32.87,WFC3/IR,G141,N/A,N/A,Stare,0.000,07,Nov 18 2013 10:51:16,Nov 18 2013 11:46:57,1,Archived,Deroo,12,N/A,N/A,N/A
12955,KEPLER-11,19:48:27.6220,+41:54:32.87,WFC3/IR,G141,N/A,N/A,Stare,0.000,08,Nov 18 2013 12:33:28,Nov 18 2013 13:17:46,1,Archived,Deroo,12,N/A,N/A,N/A
12955,KEPLER-11,19:48:27.6220,+41:54:32.87,WFC3/IR,G141,N/A,N/A,Stare,0.000,09,Nov 18 2013 14:14:57,Nov 18 2013 14:59:15,1,Archived,Deroo,12,N/A,N/A,N/A
12955,KEPLER-11,19:48:27.6220,+41:54:32.87,WFC3/IR,G141,0.99480,0.99600,Stare,0.000,02,Sep 16 2013 07:50:20,Sep 16 2013 08:46:56,1,Archived,Deroo,12,N/A,N/A,N/A
12955,KEPLER-11,19:48:27.6220,+41:54:32.87,WFC3/IR,G141,N/A,N/A,Stare,0.000,10,Sep 16 2013 09:26:07,Sep 16 2013 10:27:29,1,Archived,Deroo,12,N/A,N/A,N/A
12955,KEPLER-11,19:48:27.6220,+41:54:32.87,WFC3/IR,G141,N/A,N/A,Stare,0.000,11,Sep 16 2013 11:01:54,Sep 16 2013 12:03:16,1,Archived,Deroo,12,N/A,N/A,N/A
12955,KEPLER-11,19:48:27.6220,+41:54:32.87,WFC3/IR,G141,N/A,N/A,Stare,0.000,12,Sep 16 2013 12:37:41,Sep 16 2013 13:39:03,1,Archived,Deroo,12,N/A,N/A,N/A
12955,KEPLER-11,19:48:27.6220,+41:54:32.87,WFC3/IR,G141,N/A,N/A,Stare,0.000,13,Sep 16 2013 14:13:28,Sep 16 2013 15:14:50,1,Archived,Deroo,12,N/A,N/A,N/A
12955,KEPLER-11,19:48:27.6220,+41:54:32.87,WFC3/IR,G141,N/A,N/A,Stare,0.000,14,Sep 16 2013 15:49:16,Sep 16 2013 16:50:38,1,Archived,Deroo,12,N/A,N/A,N/A
12955,KEPLER-11,19:48:27.6220,+41:54:32.87,WFC3/IR,G141,N/A,N/A,Stare,0.000,15,Sep 16 2013 17:49:45,Sep 16 2013 18:38:36,1,Archived,Deroo,12,N/A,N/A,N/A
12955,KEPLER-11,19:48:27.6220,+41:54:32.87,WFC3/IR,G141,0.99300,0.99450,Stare,0.000,03,Sep 19 2013 06:06:14,Sep 19 2013 07:08:31,1,Archived,Deroo,12,N/A,N/A,N/A
12955,KEPLER-11,19:48:27.6220,+41:54:32.87,WFC3/IR,G141,N/A,N/A,Stare,0.000,16,Sep 19 2013 07:42:03,Sep 19 2013 08:43:25,1,Archived,Deroo,12,N/A,N/A,N/A
12955,KEPLER-11,19:48:27.6220,+41:54:32.87,WFC3/IR,G141,N/A,N/A,Stare,0.000,17,Sep 19 2013 09:17:53,Sep 19 2013 10:19:15,1,Archived,Deroo,12,N/A,N/A,N/A
12955,KEPLER-11,19:48:27.6220,+41:54:32.87,WFC3/IR,G141,N/A,N/A,Stare,0.000,18,Sep 19 2013 10:53:42,Sep 19 2013 11:55:04,1,Archived,Deroo,12,N/A,N/A,N/A
12955,KEPLER-11,19:48:27.6220,+41:54:32.87,WFC3/IR,G141,N/A,N/A,Stare,0.000,19,Sep 19 2013 12:29:32,Sep 19 2013 13:30:54,1,Archived,Deroo,12,N/A,N/A,N/A
12955,KEPLER-11,19:48:27.6220,+41:54:32.87,WFC3/IR,G141,N/A,N/A,Stare,0.000,20,Sep 19 2013 14:05:21,Sep 19 2013 15:06:43,1,Archived,Deroo,12,N/A,N/A,N/A
12956,HAT-P-17,21:38:08.7316,+30:29:19.42,WFC3/IR,G141,0.98111,0.98257,Forward,0.134,02,Nov 24 2013 01:08:56,Nov 24 2013 08:10:42,5,Archived,Huitson,12,Yes,Yes,Yes
13021,GJ-1214,17:15:18.9180,+04:57:50.09,WFC3/IR,G141,0.89930,0.91260,Forward,0.120,01,Sep 27 2012 00:04:47,Sep 27 2012 05:44:38,4,Archived,Bean,0,Yes,Yes,Yes
13021,GJ-1214,17:15:18.9180,+04:57:50.09,WFC3/IR,G141,0.89930,0.91260,Forward,0.120,02,Aug 20 2013 03:40:20,Aug 20 2013 09:20:37,4,Archived,Bean,0,Yes,Yes,Yes
13021,GJ-1214,17:15:18.9180,+04:57:50.09,WFC3/IR,G141,0.89930,0.91260,Forward,0.120,03,Oct 03 2012 07:41:48,Oct 03 2012 13:21:27,4,Archived,Bean,0,Yes,Yes,Yes
13021,GJ-1214,17:15:18.9180,+04:57:50.09,WFC3/IR,G141,0.89930,0.91260,Forward,0.120,04,Oct 11 2012 05:30:11,Oct 11 2012 11:14:52,4,Archived,Bean,0,Yes,Yes,Yes
13021,GJ-1214,17:15:18.9180,+04:57:50.09,WFC3/IR,G141,0.89930,0.91260,Forward,0.120,05,Oct 19 2012 03:23:26,Oct 19 2012 09:06:20,4,Archived,Bean,0,Yes,Yes,Yes
13021,GJ-1214,17:15:18.9180,+04:57:50.09,WFC3/IR,G141,0.89930,0.91260,Forward,0.120,06,Mar 15 2013 02:52:08,Mar 15 2013 08:34:55,4,Archived,Bean,0,Yes,Yes,Yes
13021,GJ-1214,17:15:18.9180,+04:57:50.09,WFC3/IR,G141,0.89930,0.91260,Forward,0.120,07,Mar 13 2013 12:34:53,Mar 13 2013 18:17:34,4,Archived,Bean,0,Yes,Yes,Yes
13021,GJ-1214,17:15:18.9180,+04:57:50.09,WFC3/IR,G141,0.89930,0.91260,Forward,0.120,08,Jan 29 2013 20:25:13,Jan 30 2013 02:07:23,4,Archived,Bean,0,Yes,Yes,Yes
13021,GJ-1214,17:15:18.9180,+04:57:50.09,WFC3/IR,G141,0.89930,0.91260,Forward,0.120,09,Aug 04 2013 08:10:12,Aug 04 2013 13:49:47,4,Archived,Bean,0,Yes,Yes,Yes
13021,GJ-1214,17:15:18.9180,+04:57:50.09,WFC3/IR,G141,0.89930,0.91260,Forward,0.120,10,Mar 27 2013 17:56:43,Mar 27 2013 23:39:51,4,Archived,Bean,0,Yes,Yes,Yes
13021,GJ-1214,17:15:18.9180,+04:57:50.09,WFC3/IR,G141,0.89930,0.91260,Forward,0.120,11,Apr 04 2013 15:44:47,Apr 04 2013 21:27:32,4,Archived,Bean,0,Yes,Yes,Yes
13021,GJ-1214,17:15:18.9180,+04:57:50.09,WFC3/IR,G141,0.89930,0.91260,Forward,0.120,12,Apr 12 2013 13:36:37,Apr 12 2013 19:18:24,4,Archived,Bean,0,Yes,Yes,Yes
13021,GJ-1214,17:15:18.9180,+04:57:50.09,WFC3/IR,G141,0.89930,0.91260,Forward,0.120,13,May 01 2013 12:11:09,May 01 2013 17:53:52,4,Archived,Bean,0,Yes,Yes,Yes
13021,GJ-1214,17:15:18.9180,+04:57:50.09,WFC3/IR,G141,0.89930,0.91260,Forward,0.120,14,Jul 06 2013 21:35:30,Jul 07 2013 03:15:36,4,Archived,Bean,0,Yes,Yes,Yes
13021,GJ-1214,17:15:18.9180,+04:57:50.09,WFC3/IR,G141,0.89930,0.91260,Forward,0.120,15,Aug 12 2013 05:55:22,Aug 12 2013 11:35:52,4,Archived,Bean,0,Yes,Yes,Yes
13064,GJ-3470,07:59:05.8700,+15:23:29.50,WFC3/IR,G141,0.95200,0.95800,Stare,0.000,01,Feb 07 2013 01:42:07,Feb 07 2013 08:57:16,5,Archived,Ehrenreich,0,N/A,N/A,N/A
13338,GJ-436/LHS-310,11:42:11.0937,+26:42:23.65,WFC3/IR,G141,0.88100,0.89800,Reverse,1.200,01,Dec 17 2013 14:03:52,Dec 17 2013 15:02:29,1,Archived,Stevenson,12,N/A,N/A,N/A
13338,GJ-436/LHS-310,11:42:11.0937,+26:42:23.65,WFC3/IR,G141,N/A,N/A,Reverse,1.200,02,Dec 17 2013 15:39:30,Dec 17 2013 16:38:07,1,Archived,Stevenson,12,N/A,N/A,N/A
13338,GJ-436/LHS-310,11:42:11.0937,+26:42:23.65,WFC3/IR,G141,N/A,N/A,Reverse,1.200,03,Dec 17 2013 17:15:08,Dec 17 2013 18:13:45,1,Archived,Stevenson,12,N/A,N/A,N/A
13338,GJ-436/LHS-310,11:42:11.0937,+26:42:23.65,WFC3/IR,G141,N/A,N/A,Reverse,1.200,04,Dec 17 2013 18:50:46,Dec 17 2013 19:49:23,1,Archived,Stevenson,12,N/A,N/A,N/A
13338,GJ-436/LHS-310,11:42:11.0937,+26:42:23.65,WFC3/IR,G141,0.86500,0.87500,Reverse,1.200,11,Feb 14 2014 07:07:54,Feb 14 2014 08:06:31,1,Archived,Stevenson,12,Yes,Yes,Yes
13338,GJ-436/LHS-310,11:42:11.0937,+26:42:23.65,WFC3/IR,G141,N/A,N/A,Reverse,1.200,12,Feb 14 2014 08:43:31,Feb 14 2014 09:42:08,1,Archived,Stevenson,12,Yes,Yes,Yes
13338,GJ-436/LHS-310,11:42:11.0937,+26:42:23.65,WFC3/IR,G141,N/A,N/A,Reverse,1.200,13,Feb 14 2014 10:19:07,Feb 14 2014 11:17:44,1,Archived,Stevenson,12,Yes,Yes,Yes
13338,GJ-436/LHS-310,11:42:11.0937,+26:42:23.65,WFC3/IR,G141,N/A,N/A,Reverse,1.200,14,Feb 14 2014 11:54:44,Feb 14 2014 12:53:21,1,Archived,Stevenson,12,Yes,Yes,Yes
13431,WASP-19,09:53:41.1806,-45:39:05.50,WFC3/IR,G141,0.76956,0.78667,Forward,0.026,01,Jun 12 2014 03:10:50,Jun 12 2014 10:30:30,5,Archived,Huitson,12,Yes,Yes,Yes
13431,WASP-19,09:53:41.1806,-45:39:05.50,WFC3/IR,G141,0.07090,0.08803,Forward,0.026,02,Jun 13 2014 22:32:55,Jun 14 2014 05:42:02,5,Archived,Huitson,12,Yes,Yes,Yes
13431,WASP-19,09:53:41.1806,-45:39:05.50,WFC3/IR,G141,0.20276,0.21987,Forward,0.026,03,Jun 10 2014 21:02:09,Jun 11 2014 04:18:45,5,Archived,Huitson,12,Yes,Yes,Yes
13467,WASP-12,06:30:32.7940,+29:40:20.29,WFC3/IR,G141,0.82500,0.84500,Forward,0.040,13,Jan 01 2014 09:14:21,Jan 01 2014 16:34:46,5,Archived,Bean,0,Yes,Yes,Yes
13467,WASP-12,06:30:32.7940,+29:40:20.29,WFC3/IR,G102,0.82500,0.84500,Forward,0.040,11,Feb 05 2014 07:40:42,Feb 05 2014 14:58:29,5,Archived,Bean,0,Yes,Yes,Yes
13467,WASP-12,06:30:32.7940,+29:40:20.29,WFC3/IR,G102,0.82500,0.84500,Forward,0.040,12,Feb 15 2014 03:41:30,Feb 15 2014 10:57:22,5,Archived,Bean,0,Yes,Yes,Yes
13467,WASP-12,06:30:32.7940,+29:40:20.29,WFC3/IR,G102,0.82500,0.84500,Forward,0.050,15,Dec 19 2013 07:15:13,Dec 19 2013 14:34:26,5,Failed,Bean,0,Yes,Yes,Yes
13467,WASP-12,06:30:32.7940,+29:40:20.29,WFC3/IR,G141,0.82500,0.84500,Forward,0.050,16,Jan 16 2014 15:51:15,Jan 16 2014 23:09:12,5,Archived,Bean,0,Yes,Yes,Yes
13467,WASP-12,06:30:32.7940,+29:40:20.29,WFC3/IR,G141,0.82500,0.84500,Forward,0.050,17,Mar 04 2014 14:45:39,Mar 04 2014 22:02:15,5,Archived,Bean,0,Yes,Yes,Yes
13467,WASP-12,06:30:32.7940,+29:40:20.29,WFC3/IR,G141,0.82500,0.84500,Forward,0.050,18,Mar 02 2014 10:10:25,Mar 02 2014 17:27:51,5,Archived,Bean,0,Yes,Yes,Yes
13467,WASP-18,01:37:25.0341,-45:40:40.39,WFC3/IR,G141,0.29800,0.32000,Forward,0.300,20,Apr 22 2014 19:01:18,Apr 23 2014 02:17:09,5,Archived,Bean,0,Yes,Yes,Yes
13467,WASP-18,01:37:25.0341,-45:40:40.39,WFC3/IR,G141,0.29800,0.32000,Forward,0.300,21,May 08 2014 18:45:06,May 09 2014 02:10:42,5,Archived,Bean,0,Yes,Yes,Yes
13467,WASP-18,01:37:25.0341,-45:40:40.39,WFC3/IR,G141,0.29800,0.32000,Reverse,0.300,22,Jun 28 2014 15:11:27,Jun 28 2014 20:50:56,4,Archived,Bean,0,Yes,Yes,Yes
13467,WASP-18,01:37:25.0341,-45:40:40.39,WFC3/IR,G141,0.28000,0.32000,Reverse,0.300,25,Aug 25 2014 23:26:37,Aug 27 2014 04:59:16,19,Archived,Bean,0,N/A,N/A,N/A
13467,WASP-43,10:19:38.0080,-09:48:22.59,WFC3/IR,G141,0.80700,0.83300,Forward,0.050,30,Nov 09 2013 06:07:59,Nov 09 2013 11:49:33,4,Archived,Bean,0,Yes,Yes,Yes
13467,WASP-43,10:19:38.0080,-09:48:22.59,WFC3/IR,G141,0.80700,0.83300,Forward,0.050,31,Nov 15 2013 18:23:18,Nov 16 2013 00:05:37,4,Archived,Bean,0,Yes,Yes,Yes
13467,WASP-43,10:19:38.0080,-09:48:22.59,WFC3/IR,G141,0.80700,0.83300,Forward,0.050,32,Nov 19 2013 00:29:34,Nov 19 2013 06:12:32,4,Archived,Bean,0,Yes,Yes,Yes
13467,WASP-43,10:19:38.0080,-09:48:22.59,WFC3/IR,G141,0.30700,0.33300,Forward,0.080,34,Nov 08 2013 20:33:53,Nov 09 2013 02:15:24,4,Failed,Bean,0,Yes,Yes,Yes
13467,WASP-43,10:19:38.0080,-09:48:22.59,WFC3/IR,G141,0.30700,0.33300,Forward,0.080,53,Dec 05 2013 16:37:26,Dec 05 2013 22:20:17,4,Archived,Bean,0,Yes,Yes,Yes
13467,WASP-43,10:19:38.0080,-09:48:22.59,WFC3/IR,G141,0.30700,0.33300,Forward,0.080,35,Nov 12 2013 02:42:04,Nov 12 2013 08:23:57,4,Archived,Bean,0,Yes,Yes,Yes
13467,WASP-43,10:19:38.0080,-09:48:22.59,WFC3/IR,G141,0.23000,0.67000,Forward,0.080,37,Nov 04 2013 08:02:03,Nov 05 2013 05:49:01,14,Archived,Bean,0,N/A,N/A,N/A
13467,WASP-43,10:19:38.0080,-09:48:22.59,WFC3/IR,G141,0.23000,0.67000,Forward,0.080,38,Nov 05 2013 11:08:49,Nov 06 2013 08:52:17,14,Archived,Bean,0,N/A,N/A,N/A
13467,WASP-43,10:19:38.0080,-09:48:22.59,WFC3/IR,G141,0.23000,0.67000,Forward,0.080,39,Nov 06 2013 15:51:19,Nov 07 2013 11:58:45,13,Archived,Bean,0,N/A,N/A,N/A
13467,HD-209458,22:03:10.7721,+18:53:03.54,WFC3/IR,G141,0.44500,0.45100,Forward,1.150,60,Sep 16 2014 09:37:06,Sep 16 2014 10:33:54,1,Archived,Bean,0,Yes,Yes,Yes
13467,HD-209458,22:03:10.7721,+18:53:03.54,WFC3/IR,G141,N/A,N/A,Forward,1.150,61,Sep 16 2014 11:12:39,Sep 16 2014 12:09:27,1,Archived,Bean,0,Yes,Yes,Yes
13467,HD-209458,22:03:10.7721,+18:53:03.54,WFC3/IR,G141,N/A,N/A,Forward,1.150,62,Sep 16 2014 12:48:11,Sep 16 2014 13:44:59,1,Archived,Bean,0,Yes,Yes,Yes
13467,HD-209458,22:03:10.7721,+18:53:03.54,WFC3/IR,G141,N/A,N/A,Forward,1.150,63,Sep 16 2014 14:23:44,Sep 16 2014 15:20:32,1,Archived,Bean,0,Yes,Yes,Yes
13467,HD-209458,22:03:10.7721,+18:53:03.54,WFC3/IR,G141,N/A,N/A,Forward,1.150,64,Sep 16 2014 15:59:16,Sep 16 2014 16:56:04,1,Archived,Bean,0,Yes,Yes,Yes
13467,HD-209458,22:03:10.7721,+18:53:03.54,WFC3/IR,G141,0.44500,0.45100,Forward,1.150,65,Oct 18 2014 02:56:40,Oct 18 2014 03:53:28,1,Archived,Bean,0,Yes,Yes,Yes
13467,HD-209458,22:03:10.7721,+18:53:03.54,WFC3/IR,G141,N/A,N/A,Forward,1.150,66,Oct 18 2014 04:32:12,Oct 18 2014 05:29:00,1,Archived,Bean,0,Yes,Yes,Yes
13467,HD-209458,22:03:10.7721,+18:53:03.54,WFC3/IR,G141,N/A,N/A,Forward,1.150,67,Oct 18 2014 06:07:44,Oct 18 2014 07:04:32,1,Archived,Bean,0,Yes,Yes,Yes
13467,HD-209458,22:03:10.7721,+18:53:03.54,WFC3/IR,G141,N/A,N/A,Forward,1.150,68,Oct 18 2014 07:43:16,Oct 18 2014 08:40:04,1,Archived,Bean,0,Yes,Yes,Yes
13467,HD-209458,22:03:10.7721,+18:53:03.54,WFC3/IR,G141,N/A,N/A,Forward,1.150,69,Oct 18 2014 09:18:48,Oct 18 2014 10:15:36,1,Archived,Bean,0,Yes,Yes,Yes
13467,HD-209458,22:03:10.7721,+18:53:03.54,WFC3/IR,G141,0.44500,0.45100,Forward,1.150,70,Nov 15 2014 07:41:10,Nov 15 2014 08:37:58,1,Archived,Bean,0,Yes,Yes,Yes
13467,HD-209458,22:03:10.7721,+18:53:03.54,WFC3/IR,G141,N/A,N/A,Forward,1.150,71,Nov 15 2014 09:11:02,Nov 15 2014 10:07:50,1,Archived,Bean,0,Yes,Yes,Yes
13467,HD-209458,22:03:10.7721,+18:53:03.54,WFC3/IR,G141,N/A,N/A,Forward,1.150,72,Nov 15 2014 10:46:33,Nov 15 2014 11:43:21,1,Archived,Bean,0,Yes,Yes,Yes
13467,HD-209458,22:03:10.7721,+18:53:03.54,WFC3/IR,G141,N/A,N/A,Forward,1.150,73,Nov 15 2014 12:22:04,Nov 15 2014 13:18:52,1,Archived,Bean,0,Yes,Yes,Yes
13467,HD-209458,22:03:10.7721,+18:53:03.54,WFC3/IR,G141,N/A,N/A,Forward,1.150,74,Nov 15 2014 13:57:35,Nov 15 2014 14:54:23,1,Archived,Bean,0,Yes,Yes,Yes
13467,HD-209458,22:03:10.7721,+18:53:03.54,WFC3/IR,G141,0.44500,0.45100,Forward,1.150,75,Dec 09 2014 23:58:02,Dec 10 2014 00:54:50,1,Archived,Bean,0,Yes,Yes,Yes
13467,HD-209458,22:03:10.7721,+18:53:03.54,WFC3/IR,G141,N/A,N/A,Forward,1.150,76,Dec 10 2014 01:33:33,Dec 10 2014 02:30:21,1,Archived,Bean,0,Yes,Yes,Yes
13467,HD-209458,22:03:10.7721,+18:53:03.54,WFC3/IR,G141,N/A,N/A,Forward,1.150,77,Dec 10 2014 03:09:03,Dec 10 2014 04:05:51,1,Archived,Bean,0,Yes,Yes,Yes
13467,HD-209458,22:03:10.7721,+18:53:03.54,WFC3/IR,G141,N/A,N/A,Forward,1.150,78,Dec 10 2014 04:44:33,Dec 10 2014 05:41:21,1,Archived,Bean,0,N/A,N/A,N/A
13467,HD-209458,22:03:10.7721,+18:53:03.54,WFC3/IR,G141,N/A,N/A,Forward,1.150,79,Dec 10 2014 06:20:04,Dec 10 2014 07:16:52,1,Archived,Bean,0,Yes,Yes,Yes
13467,HD-209458,22:03:10.7721,+18:53:03.54,WFC3/IR,G141,0.44500,0.45100,Forward,1.150,80,Dec 31 2014 03:44:03,Dec 31 2014 04:40:51,1,Archived,Bean,0,Yes,Yes,Yes
13467,HD-209458,22:03:10.7721,+18:53:03.54,WFC3/IR,G141,N/A,N/A,Forward,1.150,81,Dec 31 2014 05:19:32,Dec 31 2014 06:16:20,1,Archived,Bean,0,Yes,Yes,Yes
13467,HD-209458,22:03:10.7721,+18:53:03.54,WFC3/IR,G141,N/A,N/A,Forward,1.150,82,Dec 31 2014 06:55:02,Dec 31 2014 07:51:50,1,Archived,Bean,0,Yes,Yes,Yes
13467,HD-209458,22:03:10.7721,+18:53:03.54,WFC3/IR,G141,N/A,N/A,Forward,1.150,83,Dec 31 2014 08:30:32,Dec 31 2014 09:27:20,1,Archived,Bean,0,Yes,Yes,Yes
13467,HD-209458,22:03:10.7721,+18:53:03.54,WFC3/IR,G141,N/A,N/A,Forward,1.150,84,Dec 31 2014 10:06:01,Dec 31 2014 11:02:49,1,Archived,Bean,0,Yes,Yes,Yes
13501,HD-97658,11:14:33.1619,+25:42:37.39,WFC3/IR,G141,0.98050,0.98200,Forward,1.400,04,Jan 07 2014 18:37:47,Jan 08 2014 01:46:56,5,Archived,Knutson,0,Yes,Yes,Yes
13501,HD-97658,11:14:33.1619,+25:42:37.39,WFC3/IR,G141,0.97819,0.97986,Reverse,1.400,02,Dec 19 2013 18:39:59,Dec 20 2013 01:56:31,5,Archived,Knutson,0,N/A,N/A,N/A
13653,XO-2,07:48:06.9725,+50:13:18.12,WFC3/IR,G141,0.89647,0.91239,Reverse,0.035,01,Jan 06 2016 06:03:45,Jan 06 2016 06:49:46,1,Archived,Griffith,12,Yes,Yes,Yes
13653,XO-2,07:48:06.9725,+50:13:18.12,WFC3/IR,G141,N/A,N/A,Reverse,0.035,02,Jan 06 2016 07:39:06,Jan 06 2016 08:31:56,1,Archived,Griffith,12,Yes,Yes,Yes
13653,XO-2,07:48:06.9725,+50:13:18.12,WFC3/IR,G141,N/A,N/A,Forward,0.035,03,Jan 06 2016 09:14:28,Jan 06 2016 10:14:40,1,Archived,Griffith,12,Yes,Yes,Yes
13653,XO-2,07:48:06.9725,+50:13:18.12,WFC3/IR,G141,N/A,N/A,Reverse,0.035,04,Jan 06 2016 10:49:50,Jan 06 2016 11:57:23,1,Archived,Griffith,12,Yes,Yes,Yes
13653,XO-2,07:48:06.9725,+50:13:18.12,WFC3/IR,G141,N/A,N/A,Reverse,0.035,05,Jan 06 2016 12:25:12,Jan 06 2016 13:32:45,1,Archived,Griffith,12,Yes,Yes,Yes
13653,XO-2,07:48:06.9725,+50:13:18.12,WFC3/IR,G141,N/A,N/A,Reverse,0.035,06,Jan 06 2016 14:00:34,Jan 06 2016 15:08:07,1,Archived,Griffith,12,Yes,Yes,Yes
13653,XO-2,07:48:06.9725,+50:13:18.12,WFC3/IR,G141,N/A,N/A,Reverse,0.035,07,Feb 21 2015 02:39:01,Feb 21 2015 03:48:29,1,Archived,Griffith,12,Yes,Yes,Yes
13653,XO-2,07:48:06.9725,+50:13:18.12,WFC3/IR,G141,N/A,N/A,Reverse,0.035,08,Feb 21 2015 04:14:46,Feb 21 2015 05:27:23,1,Archived,Griffith,12,Yes,Yes,Yes
13653,XO-2,07:48:06.9725,+50:13:18.12,WFC3/IR,G141,N/A,N/A,Forward,0.035,09,Feb 21 2015 05:50:30,Feb 21 2015 07:03:59,1,Archived,Griffith,12,Yes,Yes,Yes
13653,XO-2,07:48:06.9725,+50:13:18.12,WFC3/IR,G141,N/A,N/A,Forward,0.035,10,Feb 21 2015 07:26:14,Feb 21 2015 08:36:55,1,Archived,Griffith,12,Yes,Yes,Yes
13653,XO-2,07:48:06.9725,+50:13:18.12,WFC3/IR,G141,N/A,N/A,Forward,0.035,11,Feb 21 2015 09:01:57,Feb 21 2015 10:12:38,1,Archived,Griffith,12,Yes,Yes,Yes
13653,XO-2,07:48:06.9725,+50:13:18.12,WFC3/IR,G141,N/A,N/A,Forward,0.035,12,Feb 21 2015 10:37:40,Feb 21 2015 11:44:38,1,Archived,Griffith,12,Yes,Yes,Yes
13660,WASP-103/2MASS-J16371556+0711000,16:37:15.5680,+07:11:00.07,WFC3/IR,G141,0.29400,0.31200,Roundtrip,0.025,01,Jun 15 2015 16:47:29,Jun 16 2015 00:09:23,5,Archived,Zhao,12,Yes,Yes,Yes
13660,WASP-103/2MASS-J16371556+0711000,16:37:15.5680,+07:11:00.07,WFC3/IR,G141,0.29400,0.31200,Roundtrip,0.025,02,Jun 17 2015 13:21:46,Jun 17 2015 20:42:15,5,Archived,Zhao,12,Yes,Yes,Yes
13665,KEPLER-138/2MASS-J19213157+4317347,19:21:31.5910,+43:17:34.79,WFC3/IR,G141,0.99150,0.99180,Forward,0.070,01,Dec 21 2014 01:45:01,Dec 21 2014 08:59:48,5,Archived,Benneke,12,Yes,Yes,Yes
13665,KEPLER-138/2MASS-J19213157+4317347,19:21:31.5910,+43:17:34.79,WFC3/IR,G141,0.99298,0.99418,Forward,0.070,02,Oct 17 2015 05:50:40,Oct 17 2015 11:34:58,4,Archived,Benneke,12,Yes,Yes,Yes
13665,KEPLER-138/2MASS-J19213157+4317347,19:21:31.5910,+43:17:34.79,WFC3/IR,G141,0.99150,0.99240,Forward,0.070,03,Apr 15 2015 12:29:42,Apr 15 2015 19:46:51,5,Archived,Benneke,12,Yes,Yes,Yes
13665,HD-97658,11:14:33.1619,+25:42:37.39,WFC3/IR,G141,0.97940,0.98010,Forward,1.400,11,Apr 12 2016 07:58:49,Apr 12 2016 15:21:58,5,Archived,Benneke,12,Yes,Yes,Yes
13665,HD-97658,11:14:33.1619,+25:42:37.39,WFC3/IR,G141,0.98120,0.98190,Forward,1.400,12,Jan 31 2017 12:20:32,Jan 31 2017 19:40:14,5,Archived,Benneke,12,Yes,Yes,Yes
13665,55-CNC/GJ324A,08:52:35.8109,+28:19:50.95,WFC3/IR,G141,0.77320,0.78270,Roundtrip,4.800,17,Dec 13 2015 16:16:27,Dec 13 2015 22:00:40,4,Archived,Benneke,12,N/A,N/A,N/A
13665,55-CNC/GJ324A,08:52:35.8109,+28:19:50.95,WFC3/IR,G141,0.77320,0.81940,Roundtrip,4.800,19,Sep 25 2015 21:13:58,Sep 26 2015 02:55:24,4,Archived,Benneke,12,N/A,N/A,N/A
13665,GJ-3470,07:59:05.8700,+15:23:29.50,WFC3/IR,G141,0.95150,0.95350,Forward,0.240,24,Mar 13 2015 03:23:59,Mar 13 2015 09:03:36,4,Archived,Benneke,12,Yes,Yes,Yes
13665,GJ-3470,07:59:05.8700,+15:23:29.50,WFC3/IR,G141,0.95600,0.95800,Forward,0.240,25,Oct 22 2015 17:17:17,Oct 22 2015 22:58:54,4,Archived,Benneke,12,Yes,Yes,Yes
13665,GJ-3470,07:59:05.8700,+15:23:29.50,WFC3/IR,G141,0.95150,0.95800,Forward,0.240,26,Jan 28 2015 18:28:34,Jan 29 2015 00:11:34,4,Archived,Benneke,12,Yes,Yes,Yes
13665,K2-18/EPIC201912552,11:30:14.5090,+07:35:18.21,WFC3/IR,G141,0.99360,0.99530,Forward,0.140,29,Dec 06 2015 12:39:07,Dec 06 2015 19:56:08,5,Archived,Benneke,12,Yes,Yes,Yes
13665,K2-18/EPIC201912552,11:30:14.5090,+07:35:18.21,WFC3/IR,G141,0.99360,0.99530,Forward,0.140,30,May 19 2016 05:38:54,May 19 2016 12:58:55,5,Archived,Benneke,12,Yes,Yes,Yes
13665,K2-18/EPIC201912552,11:30:14.5090,+07:35:18.21,WFC3/IR,G141,0.99360,0.99530,Forward,0.140,35,Mar 14 2016 07:38:13,Mar 14 2016 14:58:12,5,Archived,Benneke,12,Yes,Yes,Yes
14050,WASP-103/2MASS-J16371556+0711000,16:37:15.5680,+07:11:00.07,WFC3/IR,G141,0.22900,0.25100,Roundtrip,0.024,01,Feb 26 2015 10:35:56,Feb 27 2015 09:48:58,15,Archived,Kreidberg,12,N/A,N/A,N/A
14050,WASP-103/2MASS-J16371556+0711000,16:37:15.5680,+07:11:00.07,WFC3/IR,G141,0.76900,0.79100,Roundtrip,0.024,02,Aug 02 2015 08:32:52,Aug 03 2015 07:47:53,15,Archived,Kreidberg,12,Yes,Yes,Yes
14099,HAT-P-18/GSC-02594-00646,17:05:23.1510,+33:00:44.97,WFC3/IR,G141,0.96550,0.96800,Forward,0.022,04,Oct 30 2015 03:14:56,Oct 30 2015 10:56:00,5,Archived,Evans,12,Yes,Yes,Yes
14110,HAT-P-26,14:12:37.5370,+04:03:36.13,WFC3/IR,G102,0.95400,0.95950,Forward,0.032,02,Aug 16 2016 00:15:58,Aug 16 2016 07:39:55,5,Archived,Sing,12,Yes,Yes,Yes
14142,LHS-6343,19:10:14.3540,+46:57:26.14,WFC3/IR,G141,0.98400,0.98650,Forward,0.120,01,Aug 17 2015 12:52:27,Aug 17 2015 20:18:36,5,Archived,Albert,12,Yes,Yes,Yes
14169,WASP-39/GSC-04980-00761,14:29:18.4080,-03:26:40.17,WFC3/IR,G102,0.95310,0.95700,Forward,0.025,01,Jul 07 2016 17:31:25,Jul 08 2016 00:44:33,5,Archived,Wakeford,12,Yes,Yes,Yes
14218,KEPLER-51,19:45:55.1460,+49:56:15.66,WFC3/IR,G141,0.99225,0.99373,Stare,0.000,01,Sep 29 2015 05:25:38,Sep 29 2015 17:28:08,8,Archived,Berta-Thompson,12,N/A,N/A,N/A
14218,KEPLER-51,19:45:55.1460,+49:56:15.66,WFC3/IR,G141,0.99225,0.99511,Stare,0.000,02,Jun 26 2016 05:11:38,Jun 26 2016 17:16:36,8,Archived,Berta-Thompson,12,N/A,N/A,N/A
14218,KEPLER-51,19:45:55.1460,+49:56:15.66,WFC3/IR,G141,0.99629,0.99680,Stare,0.000,03,Dec 31 2015 06:29:14,Jan 01 2016 00:55:56,12,Archived,Berta-Thompson,12,N/A,N/A,N/A
14218,KEPLER-51,19:45:55.1460,+49:56:15.66,WFC3/IR,G141,0.99629,0.99680,Stare,0.000,04,Jan 24 2017 18:43:35,Jan 25 2017 13:09:03,12,Archived,Berta-Thompson,12,N/A,N/A,N/A
14260,HAT-P-32,02:04:10.2800,+46:41:16.20,WFC3/IR,G141,0.90940,0.92180,Forward,0.050,01,Jan 21 2016 06:41:00,Jan 21 2016 14:02:43,5,Archived,Deming,0,Yes,Yes,Yes
14260,WASP-76,01:46:31.8000,+02:42:02.00,WFC3/IR,G141,0.89080,0.91130,Forward,0.220,02,Nov 26 2015 08:40:02,Nov 26 2015 15:57:50,5,Archived,Deming,0,Yes,Yes,Yes
14260,HAT-P-3,13:44:22.6000,+48:01:43.20,WFC3/IR,G141,0.93300,0.94240,Forward,0.070,03,Jun 28 2016 06:10:54,Jun 28 2016 13:31:32,5,Archived,Deming,0,Yes,Yes,Yes
14260,HAT-P-3,13:44:22.6000,+48:01:43.20,WFC3/IR,G141,0.93300,0.94240,Forward,0.070,04,Feb 24 2016 13:53:57,Feb 24 2016 20:57:36,5,Archived,Deming,0,Yes,Yes,Yes
14260,WASP-80,20:12:40.2000,-02:08:39.20,WFC3/IR,G141,0.94370,0.95760,Forward,0.220,05,Jun 21 2016 12:23:35,Jun 21 2016 18:02:01,4,Archived,Deming,0,Yes,Yes,Yes
14260,WASP-52,23:13:58.7600,+08:45:40.60,WFC3/IR,G141,0.90720,0.92370,Forward,0.035,06,Aug 28 2016 13:18:05,Aug 28 2016 19:02:45,4,Archived,Deming,0,Yes,Yes,Yes
14260,WASP-67,19:42:58.5000,-19:56:58.40,WFC3/IR,G141,0.96560,0.97030,Forward,0.037,07,Oct 22 2016 07:52:23,Oct 22 2016 13:37:42,4,Archived,Deming,0,Yes,Yes,Yes
14260,HD-149026,16:30:29.6200,+38:20:50.30,WFC3/IR,G141,0.93120,0.94330,Roundtrip,0.700,08,Mar 11 2016 13:13:27,Mar 11 2016 20:34:04,5,Archived,Deming,0,Yes,Yes,Yes
14260,HD-149026,16:30:29.6200,+38:20:50.30,WFC3/IR,G141,0.93120,0.94330,Roundtrip,0.700,09,Apr 03 2016 12:46:02,Apr 03 2016 20:10:24,5,Archived,Deming,0,Yes,Yes,Yes
14260,WASP-39,14:29:18.4000,-03:26:40.20,WFC3/IR,G141,0.95240,0.95810,Forward,0.035,10,Aug 29 2016 11:01:27,Aug 29 2016 18:19:04,5,Archived,Deming,0,Yes,Yes,Yes
14260,WASP-39,14:29:18.4000,-03:26:40.20,WFC3/IR,G141,0.95240,0.95810,Forward,0.035,11,Feb 07 2017 16:07:37,Feb 07 2017 23:24:16,5,Archived,Deming,0,Yes,Yes,Yes
14260,HAT-P-38,02:21:31.9000,+32:14:46.80,WFC3/IR,G141,0.95790,0.96390,Forward,0.026,12,Mar 02 2016 10:21:59,Mar 02 2016 17:40:17,5,Archived,Deming,0,Yes,Yes,Yes
14260,HAT-P-38,02:21:31.9000,+32:14:46.80,WFC3/IR,G141,0.95790,0.96390,Forward,0.026,13,Aug 25 2016 18:41:25,Aug 26 2016 01:56:13,5,Archived,Deming,0,Yes,Yes,Yes
14260,WASP-69,21:00:06.2000,-05:05:40.10,WFC3/IR,G141,0.95580,0.96640,Roundtrip,0.630,14,Aug 16 2016 11:49:38,Aug 16 2016 17:38:16,4,Archived,Deming,0,Yes,Yes,Yes
14260,WASP-29,23:51:31.1000,-39:54:24.30,WFC3/IR,G141,0.95010,0.95740,Forward,0.110,15,Apr 14 2016 17:59:47,Apr 15 2016 01:14:29,5,Archived,Deming,0,Yes,Yes,Yes
14260,HAT-P-12,13:57:33.5000,+43:29:36.70,WFC3/IR,G141,0.93830,0.94900,Forward,0.030,16,Dec 12 2015 02:19:35,Dec 12 2015 09:36:37,5,Archived,Deming,0,Yes,Yes,Yes
14260,HAT-P-12,13:57:33.5000,+43:29:36.70,WFC3/IR,G141,0.93830,0.94900,Forward,0.030,17,Aug 31 2016 13:50:27,Aug 31 2016 21:10:10,5,Archived,Deming,0,Yes,Yes,Yes
14260,HAT-P-18,17:05:23.1000,+33:00:45.00,WFC3/IR,G141,0.96480,0.96930,Forward,0.030,18,Feb 11 2016 19:02:58,Feb 12 2016 02:16:09,5,Archived,Deming,0,Yes,Yes,Yes
14260,HAT-P-18,17:05:23.1000,+33:00:45.00,WFC3/IR,G141,0.96480,0.96930,Forward,0.030,19,Jan 12 2017 18:51:31,Jan 13 2017 02:08:49,5,Archived,Deming,0,Yes,Yes,Yes
14260,HAT-P-26,14:12:37.5000,+04:03:36.10,WFC3/IR,G141,0.95480,0.96120,Forward,0.060,20,May 02 2016 03:37:53,May 02 2016 10:56:44,5,Archived,Deming,0,Yes,Yes,Yes
14260,HAT-P-26,14:12:37.5000,+04:03:36.10,WFC3/IR,G141,0.95480,0.96120,Forward,0.060,21,Mar 12 2016 08:07:01,Mar 12 2016 15:22:29,5,Archived,Deming,0,Yes,Yes,Yes
14260,HATS-7,13:55:25.6800,-21:12:27.70,WFC3/IR,G141,0.93800,0.94800,Forward,0.020,22,Mar 17 2016 02:32:10,Mar 17 2016 09:46:57,5,Archived,Deming,0,Yes,Yes,Yes
14260,HATS-7,13:55:25.6800,-21:12:27.70,WFC3/IR,G141,0.93800,0.94800,Forward,0.020,23,Mar 20 2016 06:53:40,Mar 20 2016 14:07:09,5,Archived,Deming,0,Yes,Yes,Yes
14453,55-CNC,08:52:35.8109,+28:19:50.95,WFC3/IR,G141,0.28740,0.31570,Forward,4.800,11,Mar 26 2016 04:06:35,Mar 26 2016 05:12:09,1,Archived,Dragomir,0,N/A,N/A,N/A
14453,55-CNC,08:52:35.8109,+28:19:50.95,WFC3/IR,G141,N/A,N/A,Forward,4.800,12,Mar 26 2016 05:41:58,Mar 26 2016 06:47:32,1,Archived,Dragomir,0,N/A,N/A,N/A
14453,55-CNC,08:52:35.8109,+28:19:50.95,WFC3/IR,G141,N/A,N/A,Forward,4.800,13,Mar 26 2016 07:17:21,Mar 26 2016 08:22:55,1,Archived,Dragomir,0,N/A,N/A,N/A
14453,55-CNC,08:52:35.8109,+28:19:50.95,WFC3/IR,G141,N/A,N/A,Forward,4.800,14,Mar 26 2016 08:52:44,Mar 26 2016 09:58:18,1,Archived,Dragomir,0,N/A,N/A,N/A
14453,55-CNC,08:52:35.8109,+28:19:50.95,WFC3/IR,G141,0.28740,0.31570,Forward,4.800,21,Mar 31 2016 08:06:38,Mar 31 2016 09:12:12,1,Archived,Dragomir,0,N/A,N/A,N/A
14453,55-CNC,08:52:35.8109,+28:19:50.95,WFC3/IR,G141,N/A,N/A,Forward,4.800,22,Mar 31 2016 09:42:01,Mar 31 2016 10:47:35,1,Archived,Dragomir,0,N/A,N/A,N/A
14453,55-CNC,08:52:35.8109,+28:19:50.95,WFC3/IR,G141,N/A,N/A,Forward,4.800,23,Mar 31 2016 11:17:25,Mar 31 2016 12:22:59,1,Archived,Dragomir,0,N/A,N/A,N/A
14453,55-CNC,08:52:35.8109,+28:19:50.95,WFC3/IR,G141,N/A,N/A,Forward,4.800,24,Mar 31 2016 12:52:48,Mar 31 2016 13:58:22,1,Archived,Dragomir,0,Yes,Yes,Yes
14453,55-CNC,08:52:35.8109,+28:19:50.95,WFC3/IR,G141,0.28740,0.31570,Forward,4.800,31,Apr 07 2016 16:34:21,Apr 07 2016 17:39:55,1,Archived,Dragomir,0,N/A,N/A,N/A
14453,55-CNC,08:52:35.8109,+28:19:50.95,WFC3/IR,G141,N/A,N/A,Forward,4.800,32,Apr 07 2016 18:09:43,Apr 07 2016 19:15:17,1,Archived,Dragomir,0,N/A,N/A,N/A
14453,55-CNC,08:52:35.8109,+28:19:50.95,WFC3/IR,G141,N/A,N/A,Forward,4.800,33,Apr 07 2016 19:45:06,Apr 07 2016 20:50:40,1,Archived,Dragomir,0,N/A,N/A,N/A
14453,55-CNC,08:52:35.8109,+28:19:50.95,WFC3/IR,G141,N/A,N/A,Forward,4.800,34,Apr 07 2016 21:20:29,Apr 07 2016 22:26:03,1,Archived,Dragomir,0,N/A,N/A,N/A
14453,55-CNC,08:52:35.8109,+28:19:50.95,WFC3/IR,G141,0.28740,0.31570,Forward,4.800,41,Apr 13 2016 14:03:00,Apr 13 2016 15:08:34,1,Archived,Dragomir,0,Yes,Yes,Yes
14453,55-CNC,08:52:35.8109,+28:19:50.95,WFC3/IR,G141,N/A,N/A,Forward,4.800,42,Apr 13 2016 15:38:23,Apr 13 2016 16:43:57,1,Archived,Dragomir,0,Yes,Yes,Yes
14453,55-CNC,08:52:35.8109,+28:19:50.95,WFC3/IR,G141,N/A,N/A,Forward,4.800,43,Apr 13 2016 17:13:45,Apr 13 2016 18:19:19,1,Archived,Dragomir,0,Yes,Yes,Yes
14453,55-CNC,08:52:35.8109,+28:19:50.95,WFC3/IR,G141,N/A,N/A,Forward,4.800,44,Apr 13 2016 18:49:08,Apr 13 2016 19:54:42,1,Archived,Dragomir,0,Yes,Yes,Yes
14455,EPIC-2037B/2MASSJ16101770-2459251,16:10:17.6900,-24:59:25.20,WFC3/IR,G141,0.98300,0.98650,Forward,0.160,02,Jul 04 2016 11:41:43,Jul 05 2016 01:28:29,9,Archived,Petigura,12,Yes,Yes,Yes
14468,WASP-121/2MASSJ07102406-3905506,07:10:24.0580,-39:05:50.55,WFC3/IR,G141,0.85000,0.86000,Forward,0.120,01,Feb 06 2016 04:43:50,Feb 06 2016 12:07:54,5,Archived,Evans,3,Yes,Yes,Yes
14500,TRAPPIST-1/2MASS-J23062928-0502285,23:06:30.2880,-05:02:36.30,WFC3/IR,G141,N/A,N/A,Roundtrip,0.027,01,May 04 2016 05:29:31,May 04 2016 11:13:58,4,Archived,deWit,6,Yes,Yes,Yes
14619,WASP-127/BD-03-2978,10:42:14.0808,-03:50:06.26,WFC3/IR,G141,0.95800,0.96100,Forward,0.170,04,Apr 09 2018 08:47:11,Apr 09 2018 15:52:36,5,Archived,Spake,6,Yes,Yes,Yes
14642,WASP-63,06:17:20.7464,-38:19:23.80,WFC3/IR,G141,0.92810,0.94240,Forward,0.080,01,Sep 19 2016 05:37:45,Sep 19 2016 17:43:17,8,Archived,Stevenson,0,Yes,Yes,Yes
14664,KELT-1,00:01:26.9222,+39:23:01.67,WFC3/IR,G141,0.01200,0.02200,Forward,0.097,01,Oct 14 2016 09:15:13,Oct 15 2016 00:32:27,10,Archived,Beatty,12,Yes,Yes,Yes
14664,KELT-1,00:01:26.9222,+39:23:01.67,WFC3/IR,G141,0.34500,0.35500,Forward,0.097,02,Nov 19 2016 02:15:44,Nov 19 2016 17:35:18,10,Archived,Beatty,12,Yes,Yes,Yes
14664,KELT-1,00:01:26.9222,+39:23:01.67,WFC3/IR,G141,0.49500,0.50500,Forward,0.097,05,Nov 22 2016 22:24:18,Nov 23 2016 13:41:35,10,Archived,Beatty,12,Yes,Yes,Yes
14664,KELT-1,00:01:26.9222,+39:23:01.67,WFC3/IR,G141,0.86000,0.87000,Forward,0.097,06,Nov 20 2016 22:43:39,Nov 21 2016 14:00:56,10,Archived,Beatty,12,Yes,Yes,Yes
14682,K2-18/K2-18D,11:30:14.5090,+07:35:18.21,WFC3/IR,G141,0.99340,0.99543,Forward,0.140,01,Jan 04 2017 19:39:09,Jan 05 2017 02:56:11,5,Archived,Benneke,0,Yes,Yes,Yes
14682,K2-18/K2-18D,11:30:14.5090,+07:35:18.21,WFC3/IR,G141,0.99340,0.99543,Roundtrip,0.140,02,Feb 06 2017 17:41:43,Feb 07 2017 01:00:49,5,Archived,Benneke,0,Yes,Yes,Yes
14682,K2-18/K2-18D,11:30:14.5090,+07:35:18.21,WFC3/IR,G141,0.99340,0.99543,Forward,0.140,03,Dec 02 2016 20:02:44,Dec 03 2016 03:22:26,5,Archived,Benneke,0,Yes,Yes,Yes
14682,K2-18/K2-18D,11:30:14.5090,+07:35:18.21,WFC3/IR,G141,0.99340,0.99543,Forward,0.140,04,Apr 13 2017 15:17:44,Apr 13 2017 22:37:40,5,Archived,Benneke,0,Yes,Yes,Yes
14682,K2-18/K2-18D,11:30:14.5090,+07:35:18.21,WFC3/IR,G141,0.99340,0.99543,Roundtrip,0.140,05,Nov 30 2017 04:05:30,Nov 30 2017 11:01:13,5,Archived,Benneke,0,Yes,Yes,Yes
14682,K2-18/K2-18D,11:30:14.5090,+07:35:18.21,WFC3/IR,G141,0.99340,0.99543,Forward,0.140,06,May 13 2018 20:34:25,May 14 2018 03:49:23,5,Archived,Benneke,0,Yes,Yes,Yes
14682,K2-3/K2-3B,11:29:20.3765,-01:27:17.33,WFC3/IR,G141,0.99437,0.99587,Forward,0.180,07,Jan 08 2017 04:43:29,Jan 08 2017 13:35:49,6,Archived,Benneke,0,Yes,Yes,Yes
14682,K2-3/K2-3B,11:29:20.3765,-01:27:17.33,WFC3/IR,G141,0.99437,0.99587,Forward,0.180,08,Nov 24 2016 14:53:27,Nov 24 2016 23:44:34,6,Archived,Benneke,0,Yes,Yes,Yes
14682,K2-3/K2-3B,11:29:20.3765,-01:27:17.33,WFC3/IR,G141,0.99437,0.99587,Forward,0.180,09,Feb 21 2017 18:32:55,Feb 22 2017 03:24:47,6,Archived,Benneke,0,Yes,Yes,Yes
14682,K2-3/K2-3B,11:29:20.3765,-01:27:17.33,WFC3/IR,G141,0.99437,0.99587,Forward,0.180,10,Apr 07 2017 06:40:47,Apr 07 2017 15:35:23,6,Archived,Benneke,0,Yes,Yes,Yes
14682,K2-3/K2-3B,11:29:20.3765,-01:27:17.33,WFC3/IR,G141,0.99437,0.99587,Forward,0.180,11,Nov 16 2017 01:34:27,Nov 16 2017 10:26:45,6,Archived,Benneke,0,Yes,Yes,Yes
14682,K2-3/K2-3B,11:29:20.3765,-01:27:17.33,WFC3/IR,G141,0.99437,0.99587,Forward,0.180,13,Dec 30 2017 15:07:28,Dec 31 2017 00:03:21,6,Archived,Benneke,0,Yes,Yes,Yes
14682,K2-3/K2-3B,11:29:20.3765,-01:27:17.33,WFC3/IR,G141,0.99437,0.99587,Forward,0.180,14,Feb 13 2018 04:48:04,Feb 13 2018 13:39:38,6,Archived,Benneke,0,Yes,Yes,Yes
14758,GJ-1132/LHS-281,10:14:51.7700,-47:09:24.10,WFC3/IR,G141,0.90322,0.91388,Roundtrip,0.200,01,Apr 18 2017 12:53:03,Apr 18 2017 18:46:29,4,Archived,Berta-Thompson,0,Yes,Yes,Yes
14758,GJ-1132/LHS-281,10:14:51.7700,-47:09:24.10,WFC3/IR,G141,0.90322,0.91388,Roundtrip,0.200,02,Sep 23 2017 13:00:00,Sep 23 2017 18:40:47,4,Archived,Berta-Thompson,0,Yes,Yes,Yes
14758,GJ-1132/LHS-281,10:14:51.7700,-47:09:24.10,WFC3/IR,G141,0.90322,0.91388,Roundtrip,0.200,03,Nov 19 2017 13:36:21,Nov 19 2017 19:20:55,4,Archived,Berta-Thompson,0,Yes,Yes,Yes
14758,GJ-1132/LHS-281,10:14:51.7700,-47:09:24.10,WFC3/IR,G141,0.90322,0.91388,Roundtrip,0.200,04,Nov 22 2017 19:40:13,Nov 23 2017 01:23:32,4,Archived,Berta-Thompson,0,Yes,Yes,Yes
14758,GJ-1132/LHS-281,10:14:51.7700,-47:09:24.10,WFC3/IR,G141,0.90322,0.91388,Roundtrip,0.200,05,Nov 26 2017 01:33:36,Nov 26 2017 07:22:38,4,Archived,Berta-Thompson,0,Yes,Yes,Yes
14767,WASP-6,23:12:37.7510,-22:40:26.16,WFC3/IR,G141,0.94250,0.94970,Forward,0.060,49,May 06 2017 10:50:23,May 06 2017 18:07:43,5,Archived,Sing,0,Yes,Yes,Yes
14767,WASP-62,05:48:33.5945,-63:59:18.29,WFC3/IR,G141,0.95670,0.96020,Forward,0.120,60,Apr 14 2017 17:41:47,Apr 15 2017 01:02:06,5,Archived,Sing,0,Yes,Yes,Yes
14767,WASP-101,06:33:24.2668,-23:29:10.27,WFC3/IR,G141,0.94500,0.95330,Forward,0.150,64,Oct 01 2016 19:47:12,Oct 02 2016 03:08:11,5,Archived,Sing,0,Yes,Yes,Yes
14767,WASP-79,04:25:29.0210,-30:36:01.55,WFC3/IR,G141,0.94830,0.95470,Forward,0.135,70,Mar 03 2017 05:19:48,Mar 03 2017 12:42:51,5,Archived,Sing,0,Yes,Yes,Yes
14767,WASP-79,04:25:29.0210,-30:36:01.55,WFC3/IR,G141,0.44830,0.45470,Forward,0.150,71,Nov 15 2016 04:37:58,Nov 15 2016 12:02:21,5,Archived,Sing,0,Yes,Yes,Yes
14767,HAT-P-32,02:04:10.2780,+46:41:16.21,WFC3/IR,G141,0.40940,0.42180,Forward,0.050,75,Dec 18 2016 10:26:22,Dec 18 2016 18:07:58,5,Archived,Sing,0,Yes,Yes,Yes
14767,HAT-P-41,19:49:17.4387,+04:40:20.72,WFC3/IR,G141,0.43000,0.43940,Forward,0.065,86,Oct 09 2016 11:28:36,Oct 09 2016 18:45:38,5,Archived,Sing,0,Yes,Yes,Yes
14767,HAT-P-41,19:49:17.4387,+04:40:20.72,WFC3/IR,G141,0.93000,0.93940,Forward,0.065,87,Oct 16 2016 05:34:56,Oct 16 2016 12:55:41,5,Archived,Sing,0,Yes,Yes,Yes
14767,KELT-7,05:13:10.9294,+33:19:05.40,WFC3/IR,G141,0.93000,0.93800,Roundtrip,0.900,91,Oct 18 2017 15:16:47,Oct 18 2017 22:36:46,5,Archived,Sing,0,Yes,Yes,Yes
14767,KELT-7,05:13:10.9294,+33:19:05.40,WFC3/IR,G141,0.42990,0.43770,Roundtrip,0.900,92,Aug 18 2017 02:46:19,Aug 18 2017 10:06:38,5,Archived,Sing,0,Yes,Yes,Yes
14767,WASP-74,20:18:09.3241,-01:04:32.62,WFC3/IR,G141,0.92900,0.93800,Forward,0.250,79,Oct 06 2016 00:46:06,Oct 06 2016 06:35:06,4,Archived,Sing,0,Yes,Yes,Yes
14767,WASP-74,20:18:09.3241,-01:04:32.62,WFC3/IR,G141,0.42900,0.43800,Forward,0.250,80,May 02 2017 11:18:08,May 02 2017 17:05:05,4,Archived,Sing,0,Yes,Yes,Yes
14767,WASP-76,01:46:31.8590,+02:42:02.07,WFC3/IR,G141,0.39300,0.40300,Forward,0.220,96,Nov 03 2016 07:59:43,Nov 03 2016 15:17:21,5,Archived,Sing,0,Yes,Yes,Yes
14767,WASP-121/2MASSJ07102406-3905506,07:10:24.0580,-39:05:50.55,WFC3/IR,G141,0.35300,0.35900,Forward,0.120,A3,Nov 10 2016 18:25:08,Nov 11 2016 01:38:57,5,Archived,Sing,0,Yes,Yes,Yes
14792,HAT-P-7,19:28:59.3616,+47:58:10.26,WFC3/IR,G141,0.41396,0.42026,Forward,0.080,01,Jan 03 2017 23:50:37,Jan 04 2017 06:57:03,5,Archived,Bean,12,Yes,Yes,Yes
14792,HAT-P-7,19:28:59.3616,+47:58:10.26,WFC3/IR,G141,0.41396,0.42026,Forward,0.080,02,Dec 23 2016 23:25:17,Dec 24 2016 06:48:03,5,Archived,Bean,12,Yes,Yes,Yes
14793,HAT-P-11,19:50:50.2477,+48:04:51.09,WFC3/IR,G102,0.96810,0.97095,Forward,0.250,01,Sep 14 2016 10:36:07,Sep 14 2016 16:15:55,4,Archived,Bean,12,Yes,Yes,Yes
14793,HAT-P-11,19:50:50.2477,+48:04:51.09,WFC3/IR,G102,0.96668,0.97237,Forward,0.250,02,Oct 13 2016 18:44:21,Oct 14 2016 00:34:25,4,Archived,Bean,12,Yes,Yes,Yes
14793,HAT-P-11,19:50:50.2477,+48:04:51.09,WFC3/IR,G102,0.96668,0.97237,Forward,0.250,03,Nov 02 2016 07:32:44,Nov 02 2016 13:20:51,4,Failed,Bean,12,Yes,Yes,Yes
14793,HAT-P-11,19:50:50.2477,+48:04:51.09,WFC3/IR,G102,0.96668,0.97237,Forward,0.250,53,Dec 26 2016 02:17:30,Dec 26 2016 08:03:34,4,Archived,Bean,12,Yes,Yes,Yes
14793,HAT-P-11,19:50:50.2477,+48:04:51.09,WFC3/IR,G102,0.96810,0.97095,Forward,0.250,04,Nov 07 2016 05:12:38,Nov 07 2016 11:05:13,4,Archived,Bean,12,Yes,Yes,Yes
14793,HAT-P-11,19:50:50.2477,+48:04:51.09,WFC3/IR,G102,0.96668,0.97237,Forward,0.250,05,Nov 26 2016 18:22:55,Nov 27 2016 00:12:58,4,Archived,Bean,12,Yes,Yes,Yes
14873,TRAPPIST-1/2MASS-J23062928-0502285,23:06:30.3700,-05:02:36.90,WFC3/IR,G141,N/A,N/A,Forward,0.027,01,Dec 03 2016 23:50:55,Dec 04 2016 10:22:45,7,Archived,deWit,0,Yes,Yes,Yes
14873,TRAPPIST-1/2MASS-J23062928-0502285,23:06:30.3700,-05:02:36.90,WFC3/IR,G141,N/A,N/A,Forward,0.027,02,Dec 29 2016 03:52:03,Dec 29 2016 11:15:53,5,Archived,deWit,0,Yes,Yes,Yes
14873,TRAPPIST-1/2MASS-J23062928-0502285,23:06:30.3700,-05:02:36.90,WFC3/IR,G141,N/A,N/A,Forward,0.027,03,Jan 09 2017 16:46:35,Jan 10 2017 01:25:24,6,Archived,deWit,0,Yes,Yes,Yes
14873,TRAPPIST-1/2MASS-J23062928-0502285,23:06:30.3700,-05:02:36.90,WFC3/IR,G141,N/A,N/A,Forward,0.027,04,Jan 10 2017 09:59:47,Jan 10 2017 17:19:03,5,Archived,deWit,0,Yes,Yes,Yes
14887,USCO-161014.75-191909.3,16:10:14.7500,-19:19:09.30,WFC3/IR,G141,0.95609,0.96377,Forward,0.037,01,May 23 2017 02:54:34,May 23 2017 11:50:57,6,Archived,Benneke,6,Yes,Yes,Yes
14888,GJ-3053,00:44:59.3100,-15:16:18.00,WFC3/IR,G141,0.99337,0.99495,Forward,0.100,01,Jan 27 2017 20:10:48,Jan 28 2017 01:59:28,4,Archived,Dittmann,0,N/A,N/A,N/A
14888,GJ-3053,00:44:59.3100,-15:16:18.00,WFC3/IR,G141,0.99337,0.99470,Forward,0.140,05,Dec 15 2017 10:32:26,Dec 15 2017 16:21:23,4,Archived,Dittmann,0,Yes,Yes,Yes
14915,WASP-107/TYC-5530-1795-1,12:33:32.8480,-10:08:46.14,WFC3/IR,G141,0.96670,0.96920,Forward,0.134,01,Jun 05 2017 18:09:02,Jun 06 2017 01:31:44,5,Archived,Kreidberg,0,Yes,Yes,Yes
14916,WASP-107/TYC-5530-1795-1,12:33:32.8480,-10:08:46.14,WFC3/IR,G102,0.96680,0.97290,Forward,0.068,01,May 31 2017 01:24:59,May 31 2017 08:47:37,5,Archived,Spake,3,Yes,Yes,Yes
14918,WASP-17,15:59:50.9470,-28:03:42.33,WFC3/IR,G141,0.95100,0.95500,Forward,0.033,01,Jul 23 2017 18:45:45,Jul 24 2017 02:02:36,5,Archived,Wakeford,0,Yes,Yes,Yes
14918,WASP-17,15:59:50.9470,-28:03:42.33,WFC3/IR,G102,0.95100,0.95500,Forward,0.026,02,Jun 16 2017 10:18:09,Jun 16 2017 17:34:31,5,Failed,Wakeford,0,Yes,Yes,Yes
14918,WASP-17,15:59:50.9470,-28:03:42.33,WFC3/IR,G102,0.95100,0.95500,Forward,0.026,32,Sep 25 2017 07:03:14,Sep 25 2017 14:19:36,5,Archived,Wakeford,0,Yes,Yes,Yes
14927,KEPLER-16,19:16:18.1750,+51:45:26.76,WFC3/IR,G141,N/A,N/A,Forward,0.097,01,Jun 09 2017 11:20:26,Jun 09 2017 20:21:10,6,Archived,Hu,0,Yes,Yes,Yes
15109,HD-15082,02:26:51.0582,+37:33:01.73,WFC3/IR,G102,0.33000,0.42000,Forward,0.343,01,Nov 02 2017 11:01:09,Nov 02 2017 18:19:33,5,Archived,Kreidberg,6,Yes,Yes,Yes
15131,WASP-80/TYC-5165-481-1,20:12:40.1656,-02:08:39.19,WFC3/IR,G141,0.44800,0.46000,Forward,0.220,01,Jun 17 2019 03:22:55,Jun 17 2019 09:05:44,4,Archived,Desert,6,Yes,Yes,Yes
15131,WASP-80/TYC-5165-481-1,20:12:40.1656,-02:08:39.19,WFC3/IR,G141,0.44800,0.46000,Forward,0.220,02,Aug 11 2019 08:38:09,Aug 11 2019 14:21:03,4,Archived,Desert,6,Yes,Yes,Yes
15131,WASP-80/TYC-5165-481-1,20:12:40.1656,-02:08:39.19,WFC3/IR,G141,0.44700,0.46100,Forward,0.220,03,Aug 08 2019 07:31:54,Aug 08 2019 13:12:28,4,Archived,Desert,6,Yes,Yes,Yes
15131,WASP-80/TYC-5165-481-1,20:12:40.1656,-02:08:39.19,WFC3/IR,G141,0.44700,0.46100,Forward,0.220,04,Jul 05 2019 13:09:44,Jul 05 2019 18:50:15,4,Archived,Desert,6,Yes,Yes,Yes
15131,WASP-80/TYC-5165-481-1,20:12:40.1656,-02:08:39.19,WFC3/IR,G141,0.44700,0.46100,Forward,0.220,05,Jul 11 2019 16:55:52,Jul 11 2019 22:36:25,4,Archived,Desert,6,Yes,Yes,Yes
15134,WASP-121,07:10:24.0580,-39:05:50.55,WFC3/IR,G141,0.33990,0.34590,Forward,0.073,01,Feb 03 2019 08:37:34,Feb 04 2019 14:16:13,19,Archived,Evans,6,N/A,N/A,N/A
15134,WASP-121,07:10:24.0580,-39:05:50.55,WFC3/IR,G141,N/A,N/A,Forward,0.073,02,Feb 04 2019 14:51:07,Feb 05 2019 01:24:49,7,Archived,Evans,6,N/A,N/A,N/A
15134,WASP-121,07:10:24.0580,-39:05:50.55,WFC3/IR,G141,0.36290,0.36890,Forward,0.073,03,Mar 12 2018 17:38:05,Mar 13 2018 23:06:03,19,Archived,Evans,6,N/A,N/A,N/A
15134,WASP-121,07:10:24.0580,-39:05:50.55,WFC3/IR,G141,N/A,N/A,Forward,0.073,04,Mar 13 2018 23:42:03,Mar 14 2018 10:14:41,7,Archived,Evans,6,N/A,N/A,N/A
15135,WASP-121,07:10:24.0580,-39:05:50.55,WFC3/IR,G102,0.34000,0.34600,Forward,0.062,01,Dec 09 2017 16:50:14,Dec 10 2017 00:02:15,5,Archived,Evans,6,Yes,Yes,Yes
15135,WASP-121,07:10:24.0580,-39:05:50.55,WFC3/IR,G102,0.36300,0.36900,Forward,0.062,02,Nov 06 2017 14:01:18,Nov 06 2017 21:14:34,5,Archived,Evans,6,Yes,Yes,Yes
15138,KEPLER-79/KIC8394721,20:02:04.1060,+44:22:53.60,WFC3/IR,G141,0.99189,0.99429,Forward,0.015,01,Apr 12 2018 11:47:54,Apr 13 2018 07:44:17,13,Archived,Jontof-Hutter,6,Yes,Yes,Yes
15138,KEPLER-79/KIC8394721,20:02:04.1060,+44:22:53.60,WFC3/IR,G141,0.99189,0.99429,Forward,0.015,02,Nov 06 2018 21:01:06,Nov 07 2018 17:03:12,13,Archived,Jontof-Hutter,6,Yes,Yes,Yes
15149,KEPLER-1625B/KIC-4760478,19:41:43.0430,+39:53:11.57,WFC3/IR,G141,N/A,N/A,Stare,0.000,01,Oct 28 2017 06:44:36,Oct 29 2017 04:21:10,14,Archived,Teachey,6,N/A,N/A,N/A
15149,KEPLER-1625B/KIC-4760478,19:41:43.0430,+39:53:11.57,WFC3/IR,G141,N/A,N/A,Stare,0.000,02,Oct 29 2017 05:06:22,Oct 29 2017 23:26:47,12,Archived,Teachey,6,N/A,N/A,N/A
15255,KELT-11/HD-93396,10:46:49.7407,-09:23:56.49,WFC3/IR,G141,0.93100,0.93550,Roundtrip,0.960,01,Apr 18 2018 03:53:39,Apr 18 2018 17:39:33,9,Archived,Colon,6,Yes,Yes,Yes
15301,WASP-117/CD-50-714,02:27:06.0972,-50:17:04.35,WFC3/IR,G141,0.95800,0.96400,Forward,0.120,01,Sep 21 2019 11:47:11,Sep 22 2019 04:43:40,11,Archived,Carone,6,N/A,N/A,N/A
15304,TRAPPIST-1/2MASS-J23062928-0502285,23:06:30.3400,-05:02:36.44,WFC3/IR,G141,0.00000,0.00140,Forward,0.020,01,Dec 10 2017 03:14:06,Dec 10 2017 08:32:19,4,Archived,deWit,0,Yes,Yes,Yes
15304,TRAPPIST-1/2MASS-J23062928-0502285,23:06:30.3400,-05:02:36.44,WFC3/IR,G141,0.00000,0.00110,Forward,0.020,02,Sep 24 2019 11:03:46,Sep 24 2019 16:40:40,4,Archived,deWit,0,Yes,Yes,Yes
15304,TRAPPIST-1/2MASS-J23062928-0502285,23:06:30.3400,-05:02:36.44,WFC3/IR,G141,N/A,N/A,Forward,0.020,03,Jul 19 2018 18:22:47,Jul 20 2018 00:06:43,4,Archived,deWit,0,Yes,Yes,Yes
15304,TRAPPIST-1/2MASS-J23062928-0502285,23:06:30.3400,-05:02:36.44,WFC3/IR,G141,0.00000,0.00110,Forward,0.020,04,Jul 20 2020 18:12:22,Jul 20 2020 23:50:43,4,Archived,deWit,0,N/A,N/A,N/A
15333,HD-3167,00:34:57.5241,+04:22:53.28,WFC3/IR,G141,0.99050,0.99280,Roundtrip,0.429,01,Jul 20 2018 10:25:10,Jul 20 2018 20:51:21,7,Archived,Crossfield,0,Yes,Yes,Yes
15333,HD-3167,00:34:57.5241,+04:22:53.28,WFC3/IR,G141,0.99050,0.99280,Roundtrip,0.429,02,Jun 20 2018 15:15:30,Jun 21 2018 01:42:58,7,Failed,Crossfield,0,Yes,Yes,Yes
15333,HD-3167,00:34:57.5241,+04:22:53.28,WFC3/IR,G141,0.99050,0.99280,Roundtrip,0.429,03,May 21 2018 18:31:12,May 22 2018 05:05:22,7,Archived,Crossfield,0,Yes,Yes,Yes
15333,HD-3167,00:34:57.5241,+04:22:53.28,WFC3/IR,G141,0.99050,0.99280,Roundtrip,0.429,04,Sep 11 2019 06:57:42,Sep 11 2019 17:30:13,7,Failed,Crossfield,0,Yes,Yes,Yes
15333,HD-3167,00:34:57.5241,+04:22:53.28,WFC3/IR,G141,0.99046,0.99280,Roundtrip,0.429,54,Jul 05 2020 19:14:23,Jul 06 2020 05:44:38,7,Archived,Crossfield,0,N/A,N/A,N/A
15333,HD-3167,00:34:57.5241,+04:22:53.28,WFC3/IR,G141,0.99050,0.99280,Roundtrip,0.429,05,Aug 12 2019 10:26:16,Aug 12 2019 20:52:05,7,Archived,Crossfield,0,Yes,Yes,Yes
15333,HD-3167,00:34:57.5241,+04:22:53.28,WFC3/IR,G141,0.99050,0.99280,Roundtrip,0.429,47,Jun 13 2019 18:39:17,Jun 14 2019 05:11:54,7,Archived,Crossfield,0,Yes,Yes,Yes
15333,HD-106315,12:13:53.3940,-00:23:36.54,WFC3/IR,G141,0.99020,0.99220,Roundtrip,0.213,11,Nov 30 2018 16:35:39,Dec 01 2018 01:27:21,6,Archived,Crossfield,0,Yes,Yes,Yes
15333,HD-106315,12:13:53.3940,-00:23:36.54,WFC3/IR,G141,0.99020,0.99220,Forward,0.213,12,Jun 15 2018 05:43:41,Jun 15 2018 14:47:02,6,Failed,Crossfield,0,Yes,Yes,Yes
15333,HD-106315,12:13:53.3940,-00:23:36.54,WFC3/IR,G141,0.99020,0.99220,Roundtrip,0.213,13,Dec 21 2018 17:57:22,Dec 22 2018 02:46:36,6,Archived,Crossfield,0,Yes,Yes,Yes
15333,HD-106315,12:13:53.3940,-00:23:36.54,WFC3/IR,G141,0.99020,0.99220,Roundtrip,0.213,14,Feb 01 2019 20:29:51,Feb 02 2019 05:27:45,6,Archived,Crossfield,0,Yes,Yes,Yes
15333,HD-106315,12:13:53.3940,-00:23:36.54,WFC3/IR,G141,0.99020,0.99220,Roundtrip,0.213,48,Nov 23 2019 16:20:17,Nov 24 2019 01:10:18,6,Archived,Crossfield,0,Yes,Yes,Yes
15333,HIP-41378,08:26:27.8490,+10:04:49.35,WFC3/IR,G141,0.98465,0.98725,Roundtrip,0.250,21,Jan 14 2018 14:15:46,Jan 15 2018 00:40:42,7,Archived,Crossfield,0,Yes,Yes,Yes
15333,HIP-41378,08:26:27.8490,+10:04:49.35,WFC3/IR,G141,0.98465,0.98725,Roundtrip,0.250,22,May 03 2018 14:04:59,May 04 2018 00:35:26,7,Archived,Crossfield,0,Yes,Yes,Yes
15333,HIP-41378,08:26:27.8490,+10:04:49.35,WFC3/IR,G141,0.98465,0.98725,Roundtrip,0.250,24,Dec 16 2019 07:32:17,Dec 16 2019 17:53:51,7,Failed,Crossfield,0,N/A,N/A,N/A
15333,HIP-41378,08:26:27.8490,+10:04:49.35,WFC3/IR,G141,0.98465,0.98725,Roundtrip,0.250,36,Feb 16 2020 14:36:51,Feb 17 2020 01:04:38,7,Failed,Crossfield,0,Yes,Yes,Yes
15333,HIP-41378,08:26:27.8490,+10:04:49.35,WFC3/IR,G141,0.98370,0.98725,Roundtrip,0.250,56,May 20 2020 00:31:37,May 20 2020 10:59:24,7,Archived,Crossfield,0,Yes,Yes,Yes
15333,BD-02-5958,23:27:04.8365,-01:17:10.58,WFC3/IR,G141,0.98400,0.98900,Roundtrip,0.365,25,Sep 30 2018 12:55:20,Sep 30 2018 17:06:04,3,Archived,Crossfield,0,Yes,Yes,Yes
15333,BD-02-5958,23:27:04.8365,-01:17:10.58,WFC3/IR,G141,0.98400,0.98900,Forward,0.365,37,Nov 24 2017 10:37:43,Nov 24 2017 14:55:46,3,Archived,Crossfield,0,Yes,Yes,Yes
15333,BD-02-5958,23:27:04.8365,-01:17:10.58,WFC3/IR,G141,0.98400,0.98900,Forward,0.365,38,Dec 19 2017 06:37:18,Dec 19 2017 10:48:58,3,Archived,Crossfield,0,Yes,Yes,Yes
15333,BD-02-5958,23:27:04.8365,-01:17:10.58,WFC3/IR,G141,0.98650,0.98950,Roundtrip,0.365,39,Sep 25 2019 06:19:22,Sep 25 2019 10:20:32,3,Archived,Crossfield,0,Yes,Yes,Yes
15333,BD-02-5958,23:27:04.8365,-01:17:10.58,WFC3/IR,G141,0.98400,0.98900,Forward,0.365,40,Nov 25 2018 08:32:40,Nov 25 2018 12:45:38,3,Archived,Crossfield,0,Yes,Yes,Yes
15333,BD-02-5958,23:27:04.8365,-01:17:10.58,WFC3/IR,G141,0.98650,0.98950,Roundtrip,0.365,41,Nov 01 2019 11:23:20,Nov 01 2019 15:17:02,3,Archived,Crossfield,0,Yes,Yes,Yes
15333,BD-02-5958,23:27:04.8365,-01:17:10.58,WFC3/IR,G141,0.98482,0.98900,Roundtrip,0.365,42,Nov 20 2019 01:45:23,Nov 20 2019 05:46:29,3,Archived,Crossfield,0,Yes,Yes,Yes
15333,BD-02-5958,23:27:04.8365,-01:17:10.58,WFC3/IR,G141,0.98650,0.98972,Roundtrip,0.365,43,Jan 08 2020 17:19:13,Jan 08 2020 21:26:58,3,Archived,Crossfield,0,Yes,Yes,Yes
15333,BD-02-5958,23:27:04.8365,-01:17:10.58,WFC3/IR,G141,0.98650,0.98950,Roundtrip,0.365,44,Oct 01 2019 11:33:00,Oct 01 2019 15:43:45,3,Archived,Crossfield,0,Yes,Yes,Yes
15333,BD-02-5958,23:27:04.8365,-01:17:10.58,WFC3/IR,G141,0.98650,0.98950,Roundtrip,0.365,45,Nov 26 2019 07:01:41,Nov 26 2019 11:13:55,3,Archived,Crossfield,0,Yes,Yes,Yes
15333,BD-02-5958,23:27:04.8365,-01:17:10.58,WFC3/IR,G141,0.98650,0.98950,Roundtrip,0.365,46,Dec 02 2020 09:49:39,Dec 02 2020 13:58:34,3,Archived,Crossfield,0,N/A,N/A,N/A
15333,TOI-674/2MASSJ10582099-3651292,10:58:20.9947,-36:51:29.20,WFC3/IR,G141,0.92000,0.93100,Forward,0.043,58,Jul 10 2020 03:08:59,Jul 10 2020 08:51:47,4,Archived,Crossfield,0,N/A,N/A,N/A
15333,TOI-674/2MASSJ10582099-3651292,10:58:20.9947,-36:51:29.20,WFC3/IR,G141,0.92000,0.93100,Roundtrip,0.043,59,Jul 12 2020 02:47:55,Jul 12 2020 08:32:19,4,Archived,Crossfield,0,N/A,N/A,N/A
15333,TOI-674/2MASSJ10582099-3651292,10:58:20.9947,-36:51:29.20,WFC3/IR,G141,0.92000,0.93100,Roundtrip,0.043,60,Jul 25 2020 22:56:50,Jul 26 2020 04:40:33,4,Archived,Crossfield,0,N/A,N/A,N/A
15428,GJ-9827/BD-02-5958,23:27:04.8365,-01:17:10.58,WFC3/IR,G141,0.81500,0.82500,Forward,0.365,01,Sep 21 2018 11:27:27,Sep 21 2018 18:34:53,5,Failed,Hedges,3,Yes,Yes,Yes
15428,GJ-9827/BD-02-5958,23:27:04.8365,-01:17:10.58,WFC3/IR,G141,0.82552,0.83421,Roundtrip,0.365,02,Sep 26 2019 10:47:01,Sep 26 2019 18:01:21,5,Archived,Hedges,3,Yes,Yes,Yes
15428,GJ-9827/BD-02-5958,23:27:04.8365,-01:17:10.58,WFC3/IR,G141,0.81752,0.82621,Roundtrip,0.365,03,Oct 05 2020 05:24:38,Oct 05 2020 12:35:30,5,Archived,Hedges,3,N/A,N/A,N/A
15469,WASP-96/2MASS-J00041112-4721382,00:04:11.1240,-47:21:38.25,WFC3/IR,G102,0.93700,0.94000,Forward,0.013,01,Sep 06 2018 07:07:45,Sep 06 2018 14:26:23,5,Failed,Nikolov,0,Yes,Yes,Yes
15469,WASP-96/2MASS-J00041112-4721382,00:04:11.1240,-47:21:38.25,WFC3/IR,G102,0.93700,0.94000,Forward,0.013,51,Dec 18 2018 01:29:23,Dec 18 2018 08:47:23,5,Archived,Nikolov,0,Yes,Yes,Yes
15469,WASP-96/2MASS-J00041112-4721382,00:04:11.1240,-47:21:38.25,WFC3/IR,G141,0.93700,0.94000,Forward,0.022,02,Dec 28 2018 08:03:49,Dec 28 2018 15:14:50,5,Archived,Nikolov,0,Yes,Yes,Yes
15685,2MASS-J19432996+5059289/2MASS-J19432996+5059289,19:43:29.9686,+50:59:29.06,WFC3/IR,G141,0.99795,0.99812,Forward,0.024,01,May 03 2019 18:38:59,May 05 2019 03:21:29,21,Archived,Vanderburg,0,N/A,N/A,N/A
15698,HD-219666,23:18:13.6299,-56:54:14.04,WFC3/IR,G141,0.97400,0.97630,Forward,0.217,01,Jun 02 2019 08:59:32,Jun 02 2019 10:03:54,1,Failed,Beatty,3,N/A,N/A,N/A
15698,HD-219666,23:18:13.6299,-56:54:14.04,WFC3/IR,G141,N/A,N/A,Forward,0.217,02,Jun 02 2019 10:32:57,Jun 02 2019 11:37:19,1,Failed,Beatty,3,N/A,N/A,N/A
15698,HD-219666,23:18:13.6299,-56:54:14.04,WFC3/IR,G141,N/A,N/A,Forward,0.217,03,Jun 02 2019 12:08:10,Jun 02 2019 13:12:32,1,Failed,Beatty,3,N/A,N/A,N/A
15698,HD-219666,23:18:13.6299,-56:54:14.04,WFC3/IR,G141,N/A,N/A,Forward,0.217,04,Jun 02 2019 13:43:24,Jun 02 2019 14:47:46,1,Failed,Beatty,3,Yes,Yes,Yes
15698,HD-219666,23:18:13.6299,-56:54:14.04,WFC3/IR,G141,0.97200,0.97800,Forward,0.215,05,Nov 12 2019 05:54:21,Nov 12 2019 06:58:43,1,Archived,Beatty,3,N/A,N/A,N/A
15698,HD-219666,23:18:13.6299,-56:54:14.04,WFC3/IR,G141,N/A,N/A,Forward,0.215,06,Nov 12 2019 07:29:37,Nov 12 2019 08:33:59,1,Archived,Beatty,3,N/A,N/A,N/A
15698,HD-219666,23:18:13.6299,-56:54:14.04,WFC3/IR,G141,N/A,N/A,Forward,0.215,07,Nov 12 2019 09:04:53,Nov 12 2019 10:09:15,1,Archived,Beatty,3,N/A,N/A,N/A
15698,HD-219666,23:18:13.6299,-56:54:14.04,WFC3/IR,G141,N/A,N/A,Forward,0.215,08,Nov 12 2019 10:46:29,Nov 12 2019 11:50:51,1,Archived,Beatty,3,N/A,N/A,N/A
15698,HD-219666,23:18:13.6299,-56:54:14.04,WFC3/IR,G141,0.97200,0.97630,Forward,0.215,51,Aug 07 2019 19:18:04,Aug 07 2019 20:22:26,1,Archived,Beatty,3,Yes,Yes,Yes
15698,HD-219666,23:18:13.6299,-56:54:14.04,WFC3/IR,G141,N/A,N/A,Forward,0.215,52,Aug 07 2019 20:37:44,Aug 07 2019 21:47:10,1,Archived,Beatty,3,Yes,Yes,Yes
15698,HD-219666,23:18:13.6299,-56:54:14.04,WFC3/IR,G141,N/A,N/A,Forward,0.215,53,Aug 07 2019 22:13:04,Aug 07 2019 23:22:30,1,Archived,Beatty,3,Yes,Yes,Yes
15698,HD-219666,23:18:13.6299,-56:54:14.04,WFC3/IR,G141,N/A,N/A,Forward,0.215,54,Aug 07 2019 23:48:24,Aug 08 2019 00:57:50,1,Archived,Beatty,3,Yes,Yes,Yes
15813,HD-209458/V-V376-PEG,22:03:10.8053,+18:53:03.27,WFC3/IR,G141,N/A,N/A,Roundtrip,1.030,30,Oct 20 2020 07:28:29,Oct 20 2020 08:28:32,1,Failed,Mikal-Evans,0,N/A,N/A,N/A
15813,HD-209458/V-V376-PEG,22:03:10.8053,+18:53:03.27,WFC3/IR,G141,0.97753,0.98639,Forward,1.030,31,Oct 20 2020 09:03:48,Oct 20 2020 10:04:10,1,Failed,Mikal-Evans,0,N/A,N/A,N/A
15813,HD-209458/V-V376-PEG,22:03:10.8053,+18:53:03.27,WFC3/IR,G141,N/A,N/A,Forward,1.030,32,Oct 20 2020 10:39:07,Oct 20 2020 11:39:29,1,Failed,Mikal-Evans,0,N/A,N/A,N/A
15813,HD-209458/V-V376-PEG,22:03:10.8053,+18:53:03.27,WFC3/IR,G141,N/A,N/A,Forward,1.030,33,Oct 20 2020 12:14:26,Oct 20 2020 13:14:48,1,Failed,Mikal-Evans,0,N/A,N/A,N/A
15813,HD-209458/V-V376-PEG,22:03:10.8053,+18:53:03.27,WFC3/IR,G141,N/A,N/A,Forward,1.030,34,Oct 20 2020 13:49:45,Oct 20 2020 14:50:07,1,Failed,Mikal-Evans,0,N/A,N/A,N/A
15813,HD-209458/V-V376-PEG,22:03:10.8053,+18:53:03.27,WFC3/IR,G141,N/A,N/A,Forward,1.030,35,Oct 20 2020 15:25:04,Oct 20 2020 16:25:26,1,Failed,Mikal-Evans,0,N/A,N/A,N/A
15813,HD-209458/V-V376-PEG,22:03:10.8053,+18:53:03.27,WFC3/IR,G141,N/A,N/A,Forward,1.030,36,Oct 20 2020 17:00:24,Oct 20 2020 18:00:46,1,Failed,Mikal-Evans,0,N/A,N/A,N/A
15813,HD-209458/V-V376-PEG,22:03:10.8053,+18:53:03.27,WFC3/IR,G141,N/A,N/A,Forward,1.030,37,Oct 20 2020 18:35:43,Oct 20 2020 19:36:05,1,Failed,Mikal-Evans,0,N/A,N/A,N/A
15813,HD-209458/V-V376-PEG,22:03:10.8053,+18:53:03.27,WFC3/IR,G141,N/A,N/A,Forward,1.030,38,Oct 20 2020 20:11:02,Oct 20 2020 21:11:24,1,Failed,Mikal-Evans,0,N/A,N/A,N/A
15813,HD-209458/V-V376-PEG,22:03:10.8053,+18:53:03.27,WFC3/IR,G141,N/A,N/A,Forward,1.030,39,Oct 20 2020 21:46:21,Oct 20 2020 22:46:43,1,Archived,Mikal-Evans,0,N/A,N/A,N/A
15813,HD-209458/V-V376-PEG,22:03:10.8053,+18:53:03.27,WFC3/IR,G141,N/A,N/A,Forward,1.030,40,Oct 20 2020 23:21:40,Oct 21 2020 00:22:02,1,Archived,Mikal-Evans,0,N/A,N/A,N/A
15813,HD-209458/V-V376-PEG,22:03:10.8053,+18:53:03.27,WFC3/IR,G141,N/A,N/A,Forward,1.030,41,Oct 21 2020 00:56:59,Oct 21 2020 01:43:06,1,Archived,Mikal-Evans,0,N/A,N/A,N/A
15813,HD-209458/V-V376-PEG,22:03:10.8053,+18:53:03.27,WFC3/IR,G141,N/A,N/A,Forward,1.030,42,Oct 21 2020 02:32:18,Oct 21 2020 03:18:25,1,Archived,Mikal-Evans,0,N/A,N/A,N/A
15813,HD-209458/V-V376-PEG,22:03:10.8053,+18:53:03.27,WFC3/IR,G141,N/A,N/A,Forward,1.030,43,Oct 21 2020 04:07:37,Oct 21 2020 04:56:48,1,Archived,Mikal-Evans,0,N/A,N/A,N/A
15813,HD-209458/V-V376-PEG,22:03:10.8053,+18:53:03.27,WFC3/IR,G141,N/A,N/A,Forward,1.030,44,Oct 21 2020 05:42:56,Oct 21 2020 06:35:50,1,Archived,Mikal-Evans,0,N/A,N/A,N/A
15813,HD-209458/V-V376-PEG,22:03:10.8053,+18:53:03.27,WFC3/IR,G141,N/A,N/A,Forward,1.030,45,Oct 21 2020 07:18:15,Oct 21 2020 08:11:49,1,Archived,Mikal-Evans,0,N/A,N/A,N/A
15813,HD-209458/V-V376-PEG,22:03:10.8053,+18:53:03.27,WFC3/IR,G141,N/A,N/A,Forward,1.030,46,Oct 21 2020 08:53:34,Oct 21 2020 09:53:56,1,Archived,Mikal-Evans,0,N/A,N/A,N/A
15813,HD-209458/V-V376-PEG,22:03:10.8053,+18:53:03.27,WFC3/IR,G141,N/A,N/A,Forward,1.030,47,Oct 21 2020 10:28:53,Oct 21 2020 11:29:15,1,Archived,Mikal-Evans,0,N/A,N/A,N/A
15813,HD-209458/V-V376-PEG,22:03:10.8053,+18:53:03.27,WFC3/IR,G141,N/A,N/A,Forward,1.030,48,Oct 21 2020 12:04:12,Oct 21 2020 13:04:34,1,Archived,Mikal-Evans,0,N/A,N/A,N/A
15813,HD-209458/V-V376-PEG,22:03:10.8053,+18:53:03.27,WFC3/IR,G141,N/A,N/A,Forward,1.030,49,Oct 21 2020 13:39:31,Oct 21 2020 14:39:53,1,Archived,Mikal-Evans,0,N/A,N/A,N/A
15813,HD-209458/V-V376-PEG,22:03:10.8053,+18:53:03.27,WFC3/IR,G141,N/A,N/A,Forward,1.030,50,Oct 21 2020 15:14:50,Oct 21 2020 16:15:12,1,Archived,Mikal-Evans,0,N/A,N/A,N/A
15813,HD-209458/V-V376-PEG,22:03:10.8053,+18:53:03.27,WFC3/IR,G141,N/A,N/A,Forward,1.030,51,Oct 21 2020 16:50:09,Oct 21 2020 17:50:31,1,Archived,Mikal-Evans,0,N/A,N/A,N/A
15813,HD-209458/V-V376-PEG,22:03:10.8053,+18:53:03.27,WFC3/IR,G141,N/A,N/A,Forward,1.030,52,Oct 21 2020 18:25:28,Oct 21 2020 19:25:50,1,Archived,Mikal-Evans,0,N/A,N/A,N/A
15813,HD-209458/V-V376-PEG,22:03:10.8053,+18:53:03.27,WFC3/IR,G141,N/A,N/A,Forward,1.030,53,Oct 21 2020 20:00:46,Oct 21 2020 21:01:08,1,Archived,Mikal-Evans,0,N/A,N/A,N/A
15813,HD-209458/V-V376-PEG,22:03:10.8053,+18:53:03.27,WFC3/IR,G141,N/A,N/A,Forward,1.030,54,Oct 21 2020 21:36:05,Oct 21 2020 22:36:27,1,Archived,Mikal-Evans,0,N/A,N/A,N/A
15813,HD-209458/V-V376-PEG,22:03:10.8053,+18:53:03.27,WFC3/IR,G141,N/A,N/A,Forward,1.030,55,Oct 21 2020 23:11:24,Oct 22 2020 00:11:46,1,Archived,Mikal-Evans,0,N/A,N/A,N/A
15813,HD-209458/V-V376-PEG,22:03:10.8053,+18:53:03.27,WFC3/IR,G141,N/A,N/A,Forward,1.030,56,Oct 22 2020 00:46:43,Oct 22 2020 01:29:06,1,Archived,Mikal-Evans,0,N/A,N/A,N/A
15813,HD-209458/V-V376-PEG,22:03:10.8053,+18:53:03.27,WFC3/IR,G141,N/A,N/A,Forward,1.030,57,Oct 22 2020 02:22:02,Oct 22 2020 03:08:09,1,Archived,Mikal-Evans,0,N/A,N/A,N/A
15813,HD-209458/V-V376-PEG,22:03:10.8053,+18:53:03.27,WFC3/IR,G141,N/A,N/A,Forward,1.030,58,Oct 22 2020 03:57:21,Oct 22 2020 04:46:12,1,Archived,Mikal-Evans,0,N/A,N/A,N/A
15813,HD-209458/V-V376-PEG,22:03:10.8053,+18:53:03.27,WFC3/IR,G141,N/A,N/A,Forward,1.030,59,Oct 22 2020 05:32:40,Oct 22 2020 06:25:14,1,Archived,Mikal-Evans,0,N/A,N/A,N/A
15813,HD-209458/V-V376-PEG,22:03:10.8053,+18:53:03.27,WFC3/IR,G141,N/A,N/A,Forward,1.030,60,Oct 22 2020 07:07:59,Oct 22 2020 08:01:33,1,Archived,Mikal-Evans,0,N/A,N/A,N/A
15814,TOI-270,04:33:39.7202,-51:57:22.44,WFC3/IR,G141,0.00044,0.00524,Forward,0.111,08,Feb 24 2020 23:54:25,Feb 25 2020 04:15:18,3,Archived,Mikal-Evans,0,N/A,N/A,N/A
15814,TOI-270,04:33:39.7202,-51:57:22.44,WFC3/IR,G141,0.00044,0.00524,Forward,0.111,14,Apr 21 2020 14:31:45,Apr 21 2020 18:52:57,3,Archived,Mikal-Evans,0,Yes,Yes,Yes
15814,TOI-270,04:33:39.7202,-51:57:22.44,WFC3/IR,G141,0.00044,0.00524,Forward,0.111,62,Oct 02 2020 18:50:18,Oct 02 2020 23:08:18,3,Archived,Mikal-Evans,0,N/A,N/A,N/A
15814,TOI-270,04:33:39.7202,-51:57:22.44,WFC3/IR,G141,0.00041,0.00221,Forward,0.111,65,Oct 06 2020 18:13:02,Oct 06 2020 22:33:24,3,Archived,Mikal-Evans,0,N/A,N/A,N/A
15820,HD-195689,20:31:26.3759,+39:56:20.10,WFC3/IR,G141,0.34000,0.36300,Forward,0.438,01,Nov 09 2019 00:13:46,Nov 09 2019 09:11:10,6,Failed,Pino,6,Yes,Yes,Yes
15820,HD-195689,20:31:26.3759,+39:56:20.10,WFC3/IR,G141,0.34000,0.36300,Forward,0.438,H1,Jan 25 2020 01:34:55,Jan 25 2020 10:30:18,6,Archived,Pino,6,Yes,Yes,Yes
15836,TIC441420236/V-AU-MIC-1,20:45:09.5324,-31:20:27.24,WFC3/IR,G141,0.96560,0.96720,Roundtrip,3.380,07,Aug 29 2021 04:43:05,Aug 29 2021 05:38:25,1,Archived,Newton,6,N/A,N/A,N/A
15836,TIC441420236/V-AU-MIC-1,20:45:09.5324,-31:20:27.24,WFC3/IR,G141,N/A,N/A,Roundtrip,3.380,08,Aug 29 2021 06:18:12,Aug 29 2021 07:14:16,1,Archived,Newton,6,N/A,N/A,N/A
15836,TIC441420236/V-AU-MIC-1,20:45:09.5324,-31:20:27.24,WFC3/IR,G141,N/A,N/A,Roundtrip,3.380,09,Aug 29 2021 07:53:29,Aug 29 2021 08:49:33,1,Archived,Newton,6,N/A,N/A,N/A
15836,TIC441420236/V-AU-MIC-1,20:45:09.5324,-31:20:27.24,WFC3/IR,G141,N/A,N/A,Roundtrip,3.380,10,Aug 29 2021 09:28:46,Aug 29 2021 10:24:50,1,Archived,Newton,6,N/A,N/A,N/A
15836,TIC441420236/V-AU-MIC-1,20:45:09.5324,-31:20:27.24,WFC3/IR,G141,N/A,N/A,Roundtrip,3.380,11,Aug 29 2021 11:04:03,Aug 29 2021 12:00:07,1,Archived,Newton,6,N/A,N/A,N/A
15836,TIC441420236/V-AU-MIC-1,20:45:09.5324,-31:20:27.24,WFC3/IR,G141,N/A,N/A,Roundtrip,3.380,12,Aug 29 2021 12:39:20,Aug 29 2021 13:35:24,1,Archived,Newton,6,N/A,N/A,N/A
15836,TIC441420236/V-AU-MIC-1,20:45:09.5324,-31:20:27.24,WFC3/IR,G141,N/A,N/A,Roundtrip,3.380,13,Aug 29 2021 14:15:40,Aug 29 2021 15:09:31,1,Archived,Newton,6,N/A,N/A,N/A
15836,TIC441420236/V-AU-MIC-1,20:45:09.5324,-31:20:27.24,WFC3/IR,G141,N/A,N/A,Roundtrip,3.380,14,Aug 29 2021 15:56:58,Aug 29 2021 16:44:12,1,Archived,Newton,6,N/A,N/A,N/A
15856,L-98-59,08:18:07.8865,-68:18:52.08,WFC3/IR,G141,0.93034,0.93651,Roundtrip,0.496,01,Feb 09 2020 05:52:05,Feb 09 2020 11:47:58,4,Archived,Barclay,6,Yes,Yes,Yes
15856,L-98-59,08:18:07.8865,-68:18:52.08,WFC3/IR,G141,0.93034,0.93651,Roundtrip,0.496,02,Apr 07 2020 19:55:19,Apr 08 2020 01:46:44,4,Archived,Barclay,6,Yes,Yes,Yes
15856,L-98-59,08:18:07.8865,-68:18:52.08,WFC3/IR,G141,0.93034,0.93651,Roundtrip,0.496,03,Sep 28 2020 07:27:51,Sep 28 2020 13:20:28,4,Archived,Barclay,6,N/A,N/A,N/A
15856,L-98-59,08:18:07.8865,-68:18:52.08,WFC3/IR,G141,0.93001,0.93651,Roundtrip,0.496,04,Nov 25 2020 21:24:03,Nov 26 2020 03:15:04,4,Archived,Barclay,6,N/A,N/A,N/A
15856,L-98-59,08:18:07.8865,-68:18:52.08,WFC3/IR,G141,0.93034,0.93651,Roundtrip,0.496,05,Feb 24 2021 00:34:08,Feb 24 2021 06:29:59,4,Archived,Barclay,6,N/A,N/A,N/A
15856,L-98-59,08:18:07.8865,-68:18:52.08,WFC3/IR,G141,0.95747,0.96124,Roundtrip,0.496,06,Apr 07 2020 00:55:42,Apr 07 2020 06:44:48,4,Archived,Barclay,6,Yes,Yes,Yes
15856,L-98-59,08:18:07.8865,-68:18:52.08,WFC3/IR,G141,0.97917,0.98057,Roundtrip,0.496,07,Jan 19 2021 19:55:52,Jan 20 2021 01:52:01,4,Archived,Barclay,6,N/A,N/A,N/A
15926,KELT-11/HD-93396,10:46:49.7407,-09:23:56.49,WFC3/IR,G102,0.92650,0.93970,Roundtrip,0.960,01,Dec 28 2020 07:42:11,Dec 28 2020 08:41:37,1,Archived,Colon,6,N/A,N/A,N/A
15926,KELT-11/HD-93396,10:46:49.7407,-09:23:56.49,WFC3/IR,G102,N/A,N/A,Roundtrip,0.960,02,Dec 28 2020 09:17:30,Dec 28 2020 10:16:56,1,Archived,Colon,6,N/A,N/A,N/A
15926,KELT-11/HD-93396,10:46:49.7407,-09:23:56.49,WFC3/IR,G102,N/A,N/A,Roundtrip,0.960,03,Dec 28 2020 10:52:49,Dec 28 2020 11:52:15,1,Archived,Colon,6,N/A,N/A,N/A
15926,KELT-11/HD-93396,10:46:49.7407,-09:23:56.49,WFC3/IR,G102,N/A,N/A,Roundtrip,0.960,04,Dec 28 2020 12:28:08,Dec 28 2020 13:27:34,1,Archived,Colon,6,N/A,N/A,N/A
15926,KELT-11/HD-93396,10:46:49.7407,-09:23:56.49,WFC3/IR,G102,N/A,N/A,Roundtrip,0.960,05,Dec 28 2020 14:03:27,Dec 28 2020 15:02:53,1,Archived,Colon,6,N/A,N/A,N/A
15926,KELT-11/HD-93396,10:46:49.7407,-09:23:56.49,WFC3/IR,G102,N/A,N/A,Roundtrip,0.960,06,Dec 28 2020 15:38:46,Dec 28 2020 16:38:12,1,Archived,Colon,6,N/A,N/A,N/A
15926,KELT-11/HD-93396,10:46:49.7407,-09:23:56.49,WFC3/IR,G102,N/A,N/A,Roundtrip,0.960,07,Dec 28 2020 17:14:05,Dec 28 2020 18:13:31,1,Archived,Colon,6,N/A,N/A,N/A
15926,KELT-11/HD-93396,10:46:49.7407,-09:23:56.49,WFC3/IR,G102,N/A,N/A,Roundtrip,0.960,08,Dec 28 2020 18:49:24,Dec 28 2020 19:48:50,1,Archived,Colon,6,N/A,N/A,N/A
15926,KELT-11/HD-93396,10:46:49.7407,-09:23:56.49,WFC3/IR,G102,N/A,N/A,Roundtrip,0.960,09,Dec 28 2020 20:24:44,Dec 28 2020 21:24:10,1,Archived,Colon,6,N/A,N/A,N/A
15969,HD-219666,23:18:14.2240,-56:54:14.35,WFC3/IR,G141,0.97837,0.98297,Forward,0.217,01,Nov 18 2019 09:50:14,Nov 18 2019 15:45:04,4,Archived,Fu,6,Yes,Yes,Yes
15969,HD-219666,23:18:14.2240,-56:54:14.35,WFC3/IR,G141,0.97837,0.98297,Roundtrip,0.217,02,Jun 28 2020 13:48:39,Jun 28 2020 19:50:36,4,Archived,Fu,6,N/A,N/A,N/A
15969,HD-219666,23:18:14.2240,-56:54:14.35,WFC3/IR,G141,0.97837,0.98297,Roundtrip,0.217,03,May 05 2020 05:54:25,May 05 2020 11:58:06,4,Archived,Fu,6,Yes,Yes,Yes
15969,HD-219666,23:18:14.2240,-56:54:14.35,WFC3/IR,G102,0.97837,0.98297,Forward,0.174,04,Aug 27 2020 21:30:26,Aug 28 2020 03:22:30,4,Archived,Fu,6,N/A,N/A,N/A
15969,HD-219666,23:18:14.2240,-56:54:14.35,WFC3/IR,G102,0.97952,0.98182,Roundtrip,0.174,05,Mar 24 2020 06:22:47,Mar 24 2020 12:06:50,4,Archived,Fu,6,Yes,Yes,Yes
15969,HD-219666,23:18:14.2240,-56:54:14.35,WFC3/IR,G102,0.97952,0.98182,Forward,0.174,06,Aug 21 2020 20:54:48,Aug 22 2020 02:47:15,4,Archived,Fu,6,N/A,N/A,N/A
16039,LTT-1445A,03:01:51.3900,-16:35:36.02,WFC3/IR,G141,0.97006,0.97395,Roundtrip,0.531,01,Jan 07 2021 05:34:12,Jan 07 2021 06:30:53,1,Archived,Sing,0,N/A,N/A,N/A
16039,LTT-1445A,03:01:51.3900,-16:35:36.02,WFC3/IR,G141,N/A,N/A,Roundtrip,0.531,02,Jan 07 2021 07:07:34,Jan 07 2021 08:05:09,1,Archived,Sing,0,N/A,N/A,N/A
16039,LTT-1445A,03:01:51.3900,-16:35:36.02,WFC3/IR,G141,N/A,N/A,Roundtrip,0.531,03,Jan 07 2021 08:42:52,Jan 07 2021 09:40:27,1,Archived,Sing,0,N/A,N/A,N/A
16039,LTT-1445A,03:01:51.3900,-16:35:36.02,WFC3/IR,G141,N/A,N/A,Roundtrip,0.531,04,Jan 07 2021 10:18:10,Jan 07 2021 11:15:45,1,Archived,Sing,0,N/A,N/A,N/A
16039,LTT-1445A,03:01:51.3900,-16:35:36.02,WFC3/IR,G102,0.97006,0.97395,Roundtrip,0.269,05,Jan 17 2021 22:53:15,Jan 17 2021 23:47:26,1,Failed,Sing,0,N/A,N/A,N/A
16039,LTT-1445A,03:01:51.3900,-16:35:36.02,WFC3/IR,G102,N/A,N/A,Roundtrip,0.269,06,Jan 18 2021 00:28:35,Jan 18 2021 01:23:59,1,Failed,Sing,0,N/A,N/A,N/A
16039,LTT-1445A,03:01:51.3900,-16:35:36.02,WFC3/IR,G102,N/A,N/A,Roundtrip,0.269,07,Jan 18 2021 02:03:56,Jan 18 2021 02:59:20,1,Failed,Sing,0,N/A,N/A,N/A
16039,LTT-1445A,03:01:51.3900,-16:35:36.02,WFC3/IR,G102,N/A,N/A,Roundtrip,0.269,08,Jan 18 2021 03:39:16,Jan 18 2021 04:34:40,1,Failed,Sing,0,N/A,N/A,N/A
16168,WASP-77,02:28:37.3253,-07:03:38.40,WFC3/IR,G141,0.34239,0.35771,Roundtrip,0.195,01,Nov 07 2020 07:55:13,Nov 07 2020 15:12:28,5,Archived,Mansfield,6,N/A,N/A,N/A
16168,WASP-77,02:28:37.3253,-07:03:38.40,WFC3/IR,G141,0.34239,0.35771,Roundtrip,0.195,02,Dec 19 2020 11:55:41,Dec 19 2020 19:12:53,5,Archived,Mansfield,6,N/A,N/A,N/A
16181,L-248-27,10:26:59.3424,-52:28:04.34,WFC3/IR,G141,0.99485,0.99548,Roundtrip,0.180,03,Aug 10 2021 02:27:14,Aug 10 2021 08:22:49,4,Archived,Kreidberg,6,N/A,N/A,N/A
16194,HAT-P-2,16:20:36.3438,+41:02:52.66,WFC3/IR,G141,0.95550,0.96410,Roundtrip,0.351,01,Dec 20 2020 09:31:29,Dec 21 2020 03:57:17,12,Archived,Desert,6,N/A,N/A,N/A
16194,HAT-P-2,16:20:36.3438,+41:02:52.66,WFC3/IR,G141,N/A,N/A,Roundtrip,0.351,02,Dec 21 2020 04:35:08,Dec 21 2020 21:23:30,11,Archived,Desert,6,N/A,N/A,N/A
16220,AD3116/EPIC-211946007,08:42:39.3997,+19:24:51.70,WFC3/IR,G141,0.88400,0.89600,Stare,0.000,01,Feb 26 2021 02:13:38,Feb 26 2021 09:33:45,5,Archived,Beatty,6,N/A,N/A,N/A
16267,HIP41378,08:26:27.8490,+10:04:49.33,WFC3/IR,G141,N/A,N/A,Roundtrip,0.419,01,May 19 2021 23:05:09,May 20 2021 08:01:02,6,Archived,Dressing,6,N/A,N/A,N/A
16267,HIP41378,08:26:27.8490,+10:04:49.33,WFC3/IR,G141,N/A,N/A,Forward,0.419,02,May 20 2021 08:37:05,May 20 2021 17:32:50,6,Archived,Dressing,6,N/A,N/A,N/A
16267,HIP41378,08:26:27.8490,+10:04:49.33,WFC3/IR,G141,N/A,N/A,Roundtrip,0.419,03,May 20 2021 18:09:01,May 21 2021 02:56:04,6,Archived,Dressing,6,N/A,N/A,N/A
16307,HD-185603,19:38:38.7390,+31:13:09.12,WFC3/IR,G141,0.45482,0.45882,Forward,0.702,03,Jul 19 2021 22:55:06,Jul 20 2021 06:16:06,5,Failed,Fu,6,N/A,N/A,N/A
16307,HD-185603,19:38:38.7390,+31:13:09.12,WFC3/IR,G141,0.45482,0.45882,Forward,0.702,13,Sep 20 2021 12:00:26,Sep 20 2021 19:21:23,5,Archived,Fu,6,N/A,N/A,N/A
16307,HAT-P-70,04:58:12.5627,+09:59:52.80,WFC3/IR,G141,0.44281,0.44787,Roundtrip,0.152,04,Jan 27 2021 15:00:06,Jan 27 2021 22:17:02,5,Archived,Fu,6,N/A,N/A,N/A
16450,HD-134004/WASP-178,15:09:04.8790,-42:42:17.88,WFC3/IR,G141,0.94300,0.94900,Roundtrip,0.076,01,Feb 19 2021 10:02:06,Feb 19 2021 17:25:22,5,Archived,Lothringer,6,N/A,N/A,N/A
16450,HD-134004/WASP-178,15:09:04.8790,-42:42:17.88,WFC3/IR,G102,0.94300,0.94900,Roundtrip,0.061,02,Mar 04 2021 19:08:14,Mar 05 2021 02:25:07,5,Archived,Lothringer,6,N/A,N/A,N/A
16457,LTT-9779/CD-38-15670,23:54:40.5304,-37:37:41.61,WFC3/IR,G141,0.90300,0.90700,Forward,0.180,01,Jun 11 2021 21:49:01,Jun 12 2021 03:27:42,4,Archived,Edwards,0,N/A,N/A,N/A
15288,HAT-P-41/TYC-488-2442-1,19:49:17.4387,+04:40:20.72,WFC3/UVIS,G280,0.93000,0.94200,Stare,0.000,01,Aug 01 2018 20:52:31,Aug 02 2018 04:23:08,5,Archived,Sing,0,N/A,N/A,N/A
15288,HAT-P-41/TYC-488-2442-1,19:49:17.4387,+04:40:20.72,WFC3/UVIS,G280,0.93000,0.94200,Stare,0.000,02,Aug 04 2018 14:01:50,Aug 04 2018 21:32:24,5,Archived,Sing,0,N/A,N/A,N/A
16039,LTT-1445A,03:01:51.3900,-16:35:36.02,WFC3/UVIS,G280,0.97000,0.97395,Stare,0.000,09,Sep 27 2020 09:59:54,Sep 27 2020 14:18:08,3,Archived,Sing,0,N/A,N/A,N/A
16039,LTT-1445A,03:01:51.3900,-16:35:36.02,WFC3/UVIS,G280,0.98244,0.98639,Stare,0.000,10,Dec 11 2020 11:49:08,Dec 11 2020 16:04:40,3,Archived,Sing,0,N/A,N/A,N/A
16086,HD-134004/WASP-178,15:09:04.8930,-42:42:17.79,WFC3/UVIS,G280,0.94896,0.95804,Stare,0.000,02,Sep 05 2020 04:54:44,Sep 05 2020 12:36:26,5,Archived,Lothringer,6,N/A,N/A,N/A
15838,WASP-107,12:33:32.7426,-10:08:46.37,WFC3/UVIS,G280,0.97470,0.97730,Stare,0.000,01,Jun 02 2020 14:31:46,Jun 02 2020 20:27:51,4,Archived,Spake,6,N/A,N/A,N/A
15838,WASP-107,12:33:32.7426,-10:08:46.37,WFC3/UVIS,G280,0.97470,0.97730,Stare,0.000,02,Apr 23 2020 13:15:33,Apr 23 2020 19:11:21,4,Archived,Spake,6,N/A,N/A,N/A
15838,WASP-107,12:33:32.7426,-10:08:46.37,WFC3/UVIS,G280,0.97470,0.97730,Stare,0.000,03,Apr 30 2021 10:47:49,Apr 30 2021 16:45:04,4,Archived,Spake,6,N/A,N/A,N/A
16450,HD-134004,15:09:4.8790,-42:42:17.88,WFC3/IR,G141,0.943000,0.949000,Round trip,0.0759707,01,Feb 19  2021 10:02:06,Feb 19  2021 17:25:22,5,Archived,Lothringer,6,TBD,TBD,TBD
16450,HD-134004,15:09:4.8790,-42:42:17.88,WFC3/IR,G102,0.943000,0.949000,Round trip,0.0607766,02,Mar 4  2021 19:08:14,Mar 5  2021 02:25:07,5,Archived,Lothringer,6,TBD,TBD,TBD
16236,WASP-12,06:30:32.7967,+29:40:20.27,WFC3/IR,G141,0.316250,0.354750,Round trip,0.0325,01,Oct 27  2022 17:21:24,Oct 27  2022 21:26:42,3,Archived,Bell,6,TBD,TBD,TBD
16236,WASP-12,06:30:32.7967,+29:40:20.27,WFC3/IR,G141,0.316250,0.354750,Round trip,0.0325,02,Oct 27  2022 22:07:01,Oct 28  2022 03:46:44,4,Archived,Bell,6,TBD,TBD,TBD
16236,WASP-12,06:30:32.7967,+29:40:20.27,WFC3/IR,G141,0.316250,0.354750,Round trip,0.0325,03,Oct 28  2022 04:27:50,Oct 28  2022 06:57:34,2,Archived,Bell,6,TBD,TBD,TBD
16236,WASP-12,06:30:32.7967,+29:40:20.27,WFC3/IR,G141,0.316250,0.354750,Round trip,0.0325,04,Oct 28  2022 07:38:14,Oct 28  2022 11:43:31,3,Archived,Bell,6,TBD,TBD,TBD
16236,WASP-12,06:30:32.7967,+29:40:20.27,WFC3/IR,G141,0.316250,0.354750,Round trip,0.0325,05,Oct 28  2022 12:23:51,Oct 28  2022 16:29:08,3,Archived,Bell,6,TBD,TBD,TBD
16236,WASP-12,06:30:32.7967,+29:40:20.27,WFC3/IR,G141,0.316250,0.354750,Round trip,0.0325,06,Oct 28  2022 17:09:27,Oct 28  2022 21:14:44,3,Archived,Bell,6,TBD,TBD,TBD
16236,WASP-12,06:30:32.7967,+29:40:20.27,WFC3/IR,G141,0.316250,0.354750,Round trip,0.0325,07,Oct 28  2022 21:55:04,Oct 29  2022 03:34:47,4,Archived,Bell,6,TBD,TBD,TBD
16462,V-V1298-TAU,04:05:19.5970,+20:09:25.31,WFC3/IR,G141,0.963000,0.968100,Round trip,0.23,01,Oct 18  2021 06:07:27,Oct 18  2021 18:11:48,8,Archived,Panwar,6,TBD,TBD,TBD
16268,LSPMJ1735+2634,17:35:13.1338,+26:34:42.58,WFC3/IR,G102,N/A,N/A,None,None,08,Oct 19  2020 10:35:09,Oct 19  2020 11:33:13,1,Archived,Dupuy,6,TBD,TBD,TBD
16268,WISEJ072003.20-084651.2,07:20:3.1932,-08:46:51.85,WFC3/IR,G102,N/A,N/A,None,None,02,Oct 25  2020 07:13:10,Oct 25  2020 07:39:48,1,Archived,Dupuy,6,TBD,TBD,TBD
16268,2MASSWJ2140293+162518,21:40:29.2371,+16:25:16.83,WFC3/IR,G102,N/A,N/A,None,None,09,Oct 25  2020 08:11:17,Oct 25  2020 09:11:25,1,Archived,Dupuy,6,TBD,TBD,TBD
16268,2MASSIJ0746425+200032,07:46:42.0885,+20:00:31.96,WFC3/IR,G102,N/A,N/A,None,None,03,Nov 2  2020 23:29:51,Nov 3  2020 01:36:43,1,Archived,Dupuy,6,TBD,TBD,TBD
16268,KELU-1,13:05:39.8143,-25:41:6.14,WFC3/IR,G102,N/A,N/A,None,None,05,Mar 30  2021 17:40:19,Mar 30  2021 18:42:42,1,Archived,Dupuy,6,TBD,TBD,TBD
16268,2MASSJ14044948-3159330,14:04:49.8920,-31:59:33.30,WFC3/IR,G102,N/A,N/A,None,None,06,May 30  2021 13:35:38,May 30  2021 14:37:33,1,Archived,Dupuy,6,TBD,TBD,TBD
16268,2MASSWJ1728114+394859,17:28:11.5510,+39:48:58.91,WFC3/IR,G102,N/A,N/A,None,None,57,Nov 27  2021 03:04:40,Nov 27  2021 04:06:35,1,Archived,Dupuy,6,TBD,TBD,TBD
16268,LHS2397A,11:21:48.6708,-13:13:9.45,WFC3/IR,G102,N/A,N/A,None,None,04,Jan 10  2022 18:51:35,Jan 10  2022 19:49:04,1,Archived,Dupuy,6,TBD,TBD,TBD
16268,DENISJ225210.7-173013,22:52:11.1919,-17:30:11.41,WFC3/IR,G102,N/A,N/A,None,None,10,Aug 8  2022 16:19:43,Aug 8  2022 17:21:38,1,Archived,Dupuy,6,TBD,TBD,TBD
16268,SDSSPJ042348.57-041403.5,04:23:48.2241,-04:14:2.14,WFC3/IR,G102,N/A,N/A,None,None,51,Nov 10  2022 12:54:39,Nov 10  2022 13:56:34,1,Archived,Dupuy,6,TBD,TBD,TBD
16268,2MASSWJ1728114+394859,17:28:11.5510,+39:48:58.91,WFC3/IR,G102,N/A,N/A,None,None,07,Jul 20  2021 16:16:33,Jul 20  2021 17:18:28,1,Failed,Dupuy,6,TBD,TBD,TBD
16268,SDSSPJ042348.57-041403.5,04:23:48.2241,-04:14:2.14,WFC3/IR,G102,N/A,N/A,None,None,01,Dec 3  2021 12:25:21,Dec 3  2021 13:27:16,1,Failed,Dupuy,6,TBD,TBD,TBD
16457,CD-38-15670,23:54:40.5304,-37:37:41.61,WFC3/IR,G141,0.903000,0.907000,Round trip,0.18,01,Jun 11  2021 21:49:01,Jun 12  2021 03:27:42,4,Archived,Edwards,0,TBD,TBD,TBD
16457,CD-38-15670,23:54:40.5304,-37:37:41.61,WFC3/IR,G102,0.903000,0.907000,Round trip,0.18,02,Jun 2  2022 12:55:13,Jun 2  2022 18:41:43,4,Archived,Edwards,0,TBD,TBD,TBD
16220,AD3116,08:42:39.3997,+19:24:51.70,WFC3/IR,G141,0.884000,0.896000,None,None,01,Feb 26  2021 02:13:38,Feb 26  2021 09:33:45,5,Archived,Beatty,6,TBD,TBD,TBD
16168,WASP-77A,02:28:37.3253,-07:03:38.40,WFC3/IR,G141,0.342390,0.357710,Round trip,0.195,01,Nov 7  2020 07:55:13,Nov 7  2020 15:12:28,5,Archived,Mansfield,6,TBD,TBD,TBD
16168,WASP-77A,02:28:37.3253,-07:03:38.40,WFC3/IR,G141,0.342390,0.357710,Round trip,0.195,02,Dec 19  2020 11:55:41,Dec 19  2020 19:12:53,5,Archived,Mansfield,6,TBD,TBD,TBD
16296,LUHMAN-16-UPDATED,10:49:11.8200,-53:19:1.97,WFC3/IR,G141,N/A,N/A,None,None,R1,May 8  2022 05:31:05,May 8  2022 11:18:20,4,Archived,Karalidi,6,TBD,TBD,TBD
16296,LUHMAN-16-UPDATED,10:49:11.8200,-53:19:1.97,WFC3/IR,G141,N/A,N/A,None,None,R2,May 8  2022 13:34:12,May 8  2022 20:52:10,5,Archived,Karalidi,6,TBD,TBD,TBD
16296,LUHMAN-16-UPDATED,10:49:11.8200,-53:19:1.97,WFC3/IR,G141,N/A,N/A,None,None,1A,May 8  2022 11:55:08,May 8  2022 12:46:33,1,Archived,Karalidi,6,TBD,TBD,TBD
16296,LUHMAN-16-UPDATED,10:49:11.8200,-53:19:1.97,WFC3/IR,G141,N/A,N/A,None,None,R3,May 8  2022 21:30:27,May 9  2022 04:50:25,5,Archived,Karalidi,6,TBD,TBD,TBD
16296,NAME-LUHMAN-16,10:49:14.1430,-53:19:4.59,WFC3/IR,G141,N/A,N/A,None,None,01,Jun 16  2021 21:33:51,Jun 17  2021 04:56:59,5,Failed,Karalidi,6,TBD,TBD,TBD
16296,NAME-LUHMAN-16,10:49:14.1430,-53:19:4.59,WFC3/IR,G141,N/A,N/A,None,None,02,Jun 17  2021 05:32:17,Jun 17  2021 12:55:18,5,Failed,Karalidi,6,TBD,TBD,TBD
16296,NAME-LUHMAN-16,10:49:14.1430,-53:19:4.59,WFC3/IR,G141,N/A,N/A,None,None,03,Jun 17  2021 13:30:33,Jun 17  2021 20:53:27,5,Failed,Karalidi,6,TBD,TBD,TBD
16180,HD-189733B,20:00:43.7093,+22:42:35.19,WFC3/IR,G141,0.414234,0.420495,Round trip,1.6389,01,Jun 20  2022 20:32:15,Jun 20  2022 21:28:44,1,Archived,Kataria,6,TBD,TBD,TBD
16180,HD-189733B,20:00:43.7093,+22:42:35.19,WFC3/IR,G141,0.414234,0.420495,Round trip,1.6389,02,Jun 20  2022 22:07:29,Jun 20  2022 23:04:21,1,Archived,Kataria,6,TBD,TBD,TBD
16180,HD-189733B,20:00:43.7093,+22:42:35.19,WFC3/IR,G141,0.414234,0.420495,Round trip,1.6389,03,Jun 20  2022 23:42:43,Jun 21  2022 00:39:35,1,Archived,Kataria,6,TBD,TBD,TBD
16180,HD-189733B,20:00:43.7093,+22:42:35.19,WFC3/IR,G141,0.414234,0.420495,Round trip,1.6389,04,Jun 21  2022 01:17:57,Jun 21  2022 02:14:49,1,Archived,Kataria,6,TBD,TBD,TBD
16180,HD-189733B,20:00:43.7093,+22:42:35.19,WFC3/IR,G141,0.414234,0.420495,Round trip,1.6389,05,Jun 21  2022 02:53:11,Jun 21  2022 03:50:03,1,Archived,Kataria,6,TBD,TBD,TBD
16180,HD-189733B,20:00:43.7093,+22:42:35.19,WFC3/IR,G141,0.414234,0.420495,Round trip,1.7,11,Dec 14  2023 04:48:19,Dec 14  2023 05:45:05,1,Archived,Kataria,6,TBD,TBD,TBD
16180,HD-189733B,20:00:43.7093,+22:42:35.19,WFC3/IR,G141,0.414234,0.420495,Round trip,1.7,12,Dec 14  2023 06:23:16,Dec 14  2023 07:17:53,1,Archived,Kataria,6,TBD,TBD,TBD
16180,HD-189733B,20:00:43.7093,+22:42:35.19,WFC3/IR,G141,0.414234,0.420495,Round trip,1.7,13,Dec 14  2023 07:58:13,Dec 14  2023 08:52:50,1,Archived,Kataria,6,TBD,TBD,TBD
16180,HD-189733B,20:00:43.7093,+22:42:35.19,WFC3/IR,G141,0.414234,0.420495,Round trip,1.7,14,Dec 14  2023 09:33:09,Dec 14  2023 10:27:46,1,Archived,Kataria,6,TBD,TBD,TBD
16180,HD-189733B,20:00:43.7093,+22:42:35.19,WFC3/IR,G141,0.414234,0.420495,Round trip,1.7,15,Dec 14  2023 11:08:06,Dec 14  2023 12:02:43,1,Archived,Kataria,6,TBD,TBD,TBD
16180,HD-189733B,20:00:43.7093,+22:42:35.19,WFC3/IR,G141,0.414234,0.420495,Round trip,1.6389,06,Jul 24  2022 03:09:48,Jul 24  2022 04:06:17,1,Failed,Kataria,6,TBD,TBD,TBD
16180,HD-189733B,20:00:43.7093,+22:42:35.19,WFC3/IR,G141,0.414234,0.420495,Round trip,1.6389,07,Jul 24  2022 04:42:13,Jul 24  2022 05:39:05,1,Failed,Kataria,6,TBD,TBD,TBD
16180,HD-189733B,20:00:43.7093,+22:42:35.19,WFC3/IR,G141,0.414234,0.420495,Round trip,1.6389,08,Jul 24  2022 06:17:28,Jul 24  2022 07:14:20,1,Failed,Kataria,6,TBD,TBD,TBD
16180,HD-189733B,20:00:43.7093,+22:42:35.19,WFC3/IR,G141,0.414234,0.420495,Round trip,1.6389,09,Jul 24  2022 07:52:42,Jul 24  2022 08:49:34,1,Failed,Kataria,6,TBD,TBD,TBD
16180,HD-189733B,20:00:43.7093,+22:42:35.19,WFC3/IR,G141,0.414234,0.420495,Round trip,1.6389,10,Jul 24  2022 09:27:57,Jul 24  2022 10:24:49,1,Failed,Kataria,6,TBD,TBD,TBD
16194,HAT-P-2,16:20:36.3438,+41:02:52.66,WFC3/IR,G141,0.955500,0.964100,Round trip,0.35115,01,Dec 20  2020 09:31:29,Dec 21  2020 03:57:17,12,Archived,Desert,6,TBD,TBD,TBD
16194,HAT-P-2,16:20:36.3438,+41:02:52.66,WFC3/IR,G141,0.955500,0.964100,Round trip,0.35115,02,Dec 21  2020 04:35:08,Dec 21  2020 21:23:30,11,Archived,Desert,6,TBD,TBD,TBD
16448,L-98-59,08:18:7.8865,-68:18:52.08,WFC3/IR,G141,0.957475,0.961238,Round trip,0.496,01,Mar 28  2023 01:58:37,Mar 28  2023 07:53:50,4,Archived,Barclay,6,TBD,TBD,TBD
16448,L-98-59,08:18:7.8865,-68:18:52.08,WFC3/IR,G141,0.957475,0.961238,Round trip,0.496,02,Mar 31  2023 19:09:27,Apr 1  2023 00:31:18,4,Archived,Barclay,6,TBD,TBD,TBD
16267,HIP41378,08:26:27.8490,+10:04:49.33,WFC3/IR,G141,N/A,N/A,Round trip,0.418629,01,May 19  2021 23:05:09,May 20  2021 08:01:02,6,Archived,Dressing,6,TBD,TBD,TBD
16267,HIP41378,08:26:27.8490,+10:04:49.33,WFC3/IR,G141,N/A,N/A,Round trip,0.418629,02,May 20  2021 08:37:05,May 20  2021 17:32:50,6,Archived,Dressing,6,TBD,TBD,TBD
16267,HIP41378,08:26:27.8490,+10:04:49.33,WFC3/IR,G141,N/A,N/A,Round trip,0.418629,03,May 20  2021 18:09:01,May 21  2021 02:56:04,6,Archived,Dressing,6,TBD,TBD,TBD
16307,HAT-P-70B,04:58:12.5627,+09:59:52.80,WFC3/IR,G141,0.946253,0.950808,Round trip,0.151579,04,Jan 27  2021 15:00:06,Jan 27  2021 22:17:02,5,Archived,Fu,6,TBD,TBD,TBD
16307,HD-185603B,19:38:38.7390,+31:13:9.12,WFC3/IR,G141,0.958203,0.960601,Round trip,0.701903,13,Sep 20  2021 12:00:26,Sep 20  2021 19:21:23,5,Archived,Fu,6,TBD,TBD,TBD
16307,HD-185603B,19:38:38.7390,+31:13:9.12,WFC3/IR,G141,0.958203,0.960601,Round trip,0.701903,03,Jul 19  2021 22:55:06,Jul 20  2021 06:16:06,5,Failed,Fu,6,TBD,TBD,TBD
16721,GL229-B,06:10:34.6800,-21:51:58.78,WFC3/IR,G141,N/A,N/A,None,None,01,Nov 1  2022 14:46:35,Nov 1  2022 23:43:47,6,Archived,Bowler,6,TBD,TBD,TBD
16721,2M2236+4751,22:36:24.5260,+47:51:42.53,WFC3/IR,N/A,N/A,N/A,None,None,02,Nov 13  2022 07:12:26,Nov 13  2022 08:13:29,1,Archived,Bowler,6,TBD,TBD,TBD
16721,2M2236+4751,22:36:24.5260,+47:51:42.53,WFC3/IR,N/A,N/A,N/A,None,None,04,Nov 13  2022 08:47:37,Nov 13  2022 09:48:40,1,Archived,Bowler,6,TBD,TBD,TBD
16721,2M2236+4751,22:36:24.5260,+47:51:42.53,WFC3/IR,N/A,N/A,N/A,None,None,05,Nov 13  2022 10:22:48,Nov 13  2022 11:23:51,1,Archived,Bowler,6,TBD,TBD,TBD
16721,2M2236+4751,22:36:24.5260,+47:51:42.53,WFC3/IR,N/A,N/A,N/A,None,None,06,Nov 13  2022 11:57:59,Nov 13  2022 12:59:02,1,Archived,Bowler,6,TBD,TBD,TBD
16721,2M2236+4751,22:36:24.5260,+47:51:42.53,WFC3/IR,N/A,N/A,N/A,None,None,07,Nov 13  2022 13:33:10,Nov 13  2022 14:34:13,1,Archived,Bowler,6,TBD,TBD,TBD
16721,2M2236+4751,22:36:24.5260,+47:51:42.53,WFC3/IR,N/A,N/A,N/A,None,None,08,Nov 13  2022 15:08:33,Nov 13  2022 16:09:36,1,Archived,Bowler,6,TBD,TBD,TBD
16721,CD-35-2722,06:09:19.2080,-35:49:31.07,WFC3/IR,G141,N/A,N/A,None,None,03,Jan 30  2023 03:04:57,Jan 30  2023 12:02:44,6,Archived,Bowler,6,TBD,TBD,TBD
16754,2QZ-J103448.9+005200,10:34:48.8350,+00:52:1.68,WFC3/IR,G141,N/A,N/A,None,None,01,May 15  2022 07:35:14,May 15  2022 08:33:17,1,Archived,Casewell,6,TBD,TBD,TBD
16754,2QZ-J103448.9+005200,10:34:48.8350,+00:52:1.68,WFC3/IR,G141,N/A,N/A,None,None,02,May 15  2022 09:10:30,May 15  2022 10:08:33,1,Archived,Casewell,6,TBD,TBD,TBD
16754,2QZ-J103448.9+005200,10:34:48.8350,+00:52:1.68,WFC3/IR,G141,N/A,N/A,None,None,03,May 15  2022 10:45:46,May 15  2022 11:43:49,1,Archived,Casewell,6,TBD,TBD,TBD
16754,2QZ-J103448.9+005200,10:34:48.8350,+00:52:1.68,WFC3/IR,G141,N/A,N/A,None,None,04,May 15  2022 12:21:02,May 15  2022 13:19:05,1,Archived,Casewell,6,TBD,TBD,TBD
16754,2QZ-J103448.9+005200,10:34:48.8350,+00:52:1.68,WFC3/IR,G141,N/A,N/A,None,None,05,May 15  2022 13:56:18,May 15  2022 14:54:21,1,Archived,Casewell,6,TBD,TBD,TBD
16754,2QZ-J103448.9+005200,10:34:48.8350,+00:52:1.68,WFC3/IR,G141,N/A,N/A,None,None,06,May 15  2022 15:31:34,May 15  2022 16:29:37,1,Archived,Casewell,6,TBD,TBD,TBD
16695,HAT-P-67,17:06:26.5747,+44:46:36.79,WFC3/IR,G141,0.926370,0.928100,Round trip,0.10,03,Dec 25  2023 23:46:38,Dec 26  2023 05:29:31,4,Archived,Rustamkulov,6,TBD,TBD,TBD
16695,HAT-P-67,17:06:26.5747,+44:46:36.79,WFC3/IR,G141,0.926370,0.928100,Round trip,0.1,04,Dec 26  2023 06:06:17,Dec 26  2023 11:49:29,4,Archived,Rustamkulov,6,TBD,TBD,TBD
16695,HAT-P-67,17:06:26.5747,+44:46:36.79,WFC3/IR,G141,0.926370,0.928100,Round trip,0.1,05,Dec 26  2023 12:25:56,Dec 26  2023 17:56:38,4,Archived,Rustamkulov,6,TBD,TBD,TBD
16660,G4-24,02:31:3.2801,+08:22:55.18,WFC3/IR,G141,N/A,N/A,Round trip,0.2226,01,Feb 4  2022 18:42:14,Feb 5  2022 11:35:12,11,Archived,Quinn,6,TBD,TBD,TBD
16875,UCAC4-249-060094,13:44:25.4777,-40:20:15.53,WFC3/IR,G141,0.990139,0.994016,Round trip,0.14,51,Jun 24  2023 01:59:09,Jun 24  2023 02:54:19,1,Archived,Dransfield,3,TBD,TBD,TBD
16875,UCAC4-249-060094,13:44:25.4777,-40:20:15.53,WFC3/IR,G141,0.990139,0.994016,Round trip,0.14,52,Jun 24  2023 03:34:02,Jun 24  2023 04:30:41,1,Archived,Dransfield,3,TBD,TBD,TBD
16875,UCAC4-249-060094,13:44:25.4777,-40:20:15.53,WFC3/IR,G141,0.990139,0.994016,Round trip,0.14,53,Jun 24  2023 05:09:05,Jun 24  2023 06:05:44,1,Archived,Dransfield,3,TBD,TBD,TBD
16875,UCAC4-249-060094,13:44:25.4777,-40:20:15.53,WFC3/IR,G141,0.990139,0.994016,Round trip,0.14,54,Jun 24  2023 06:44:08,Jun 24  2023 07:40:47,1,Archived,Dransfield,3,TBD,TBD,TBD
16875,UCAC4-249-060094,13:44:25.4777,-40:20:15.53,WFC3/IR,G141,0.990139,0.994016,Round trip,0.14,05,Jun 29  2022 16:56:38,Jun 29  2022 17:51:48,1,Failed,Dransfield,3,TBD,TBD,TBD
16875,UCAC4-249-060094,13:44:25.4777,-40:20:15.53,WFC3/IR,G141,0.990139,0.994016,Round trip,0.14,06,Jun 29  2022 18:31:58,Jun 29  2022 19:28:37,1,Failed,Dransfield,3,TBD,TBD,TBD
16875,UCAC4-249-060094,13:44:25.4777,-40:20:15.53,WFC3/IR,G141,0.990139,0.994016,Round trip,0.14,07,Jun 29  2022 20:07:18,Jun 29  2022 21:03:57,1,Failed,Dransfield,3,TBD,TBD,TBD
16875,UCAC4-249-060094,13:44:25.4777,-40:20:15.53,WFC3/IR,G141,0.990139,0.994016,Round trip,0.14,08,Jun 29  2022 21:42:38,Jun 29  2022 22:39:17,1,Failed,Dransfield,3,TBD,TBD,TBD
16875,UCAC4-249-060094,13:44:25.4777,-40:20:15.53,WFC3/IR,G141,0.990139,0.994016,Round trip,0.14,01,Jun 13  2022 08:38:10,Jun 13  2022 09:33:20,1,Failed,Dransfield,3,TBD,TBD,TBD
16875,UCAC4-249-060094,13:44:25.4777,-40:20:15.53,WFC3/IR,G141,0.990139,0.994016,Round trip,0.14,02,Jun 13  2022 10:13:24,Jun 13  2022 11:10:03,1,Failed,Dransfield,3,TBD,TBD,TBD
16875,UCAC4-249-060094,13:44:25.4777,-40:20:15.53,WFC3/IR,G141,0.990139,0.994016,Round trip,0.14,03,Jun 13  2022 11:49:47,Jun 13  2022 12:46:26,1,Failed,Dransfield,3,TBD,TBD,TBD
16875,UCAC4-249-060094,13:44:25.4777,-40:20:15.53,WFC3/IR,G141,0.990139,0.994016,Round trip,0.14,04,Jun 13  2022 13:31:11,Jun 13  2022 14:27:50,1,Failed,Dransfield,3,TBD,TBD,TBD
16736,WASP-98,03:53:42.9206,-34:19:41.59,WFC3/IR,G141,0.947000,0.952000,Round trip,0.00871566,03,Aug 5  2022 01:21:25,Aug 5  2022 02:16:06,1,Archived,Sing,6,TBD,TBD,TBD
16736,WASP-98,03:53:42.9206,-34:19:41.59,WFC3/IR,G141,0.947000,0.952000,Round trip,0.00871566,04,Aug 5  2022 02:56:38,Aug 5  2022 03:50:12,1,Archived,Sing,6,TBD,TBD,TBD
16736,WASP-98,03:53:42.9206,-34:19:41.59,WFC3/IR,G141,0.947000,0.952000,Round trip,0.00871566,05,Aug 5  2022 04:31:52,Aug 5  2022 05:25:26,1,Archived,Sing,6,TBD,TBD,TBD
16736,WASP-98,03:53:42.9206,-34:19:41.59,WFC3/IR,G141,0.947000,0.952000,Round trip,0.00871566,06,Aug 5  2022 06:07:05,Aug 5  2022 07:00:39,1,Archived,Sing,6,TBD,TBD,TBD
16736,HAT-P-24,07:15:18.0194,+14:15:45.41,WFC3/IR,G141,0.943200,0.947420,Round trip,0.0236737,10,Sep 11  2022 02:26:55,Sep 11  2022 03:18:31,1,Archived,Sing,6,TBD,TBD,TBD
16736,HAT-P-24,07:15:18.0194,+14:15:45.41,WFC3/IR,G141,0.943200,0.947420,Round trip,0.0236737,11,Sep 11  2022 04:02:09,Sep 11  2022 04:55:43,1,Archived,Sing,6,TBD,TBD,TBD
16736,HAT-P-24,07:15:18.0194,+14:15:45.41,WFC3/IR,G141,0.943200,0.947420,Round trip,0.0236737,12,Sep 11  2022 05:37:22,Sep 11  2022 06:30:56,1,Archived,Sing,6,TBD,TBD,TBD
16736,HAT-P-24,07:15:18.0194,+14:15:45.41,WFC3/IR,G141,0.943200,0.947420,Round trip,0.0236737,13,Sep 11  2022 07:12:36,Sep 11  2022 08:06:10,1,Archived,Sing,6,TBD,TBD,TBD
16736,HAT-P-24,07:15:18.0194,+14:15:45.41,WFC3/IR,G141,0.943200,0.947420,Round trip,0.0236737,14,Sep 11  2022 08:47:50,Sep 11  2022 09:41:24,1,Archived,Sing,6,TBD,TBD,TBD
17192,HD-191939,20:08:6.1499,+66:51:1.08,WFC3/IR,G141,0.985400,0.987000,Round trip,0.36,01,Oct 17  2022 03:57:34,Oct 17  2022 09:43:24,4,Archived,Kreidberg,0,TBD,TBD,TBD
17192,HD-191939,20:08:6.1499,+66:51:1.08,WFC3/IR,G141,0.985400,0.987000,Round trip,0.36,03,Nov 21  2022 16:31:46,Nov 21  2022 22:17:49,4,Archived,Kreidberg,0,TBD,TBD,TBD
17192,HD-86226,09:56:29.8440,-24:05:57.80,WFC3/IR,G141,0.961250,0.978370,Round trip,0.754,04,May 24  2023 13:37:12,May 24  2023 14:37:21,1,Archived,Kreidberg,0,TBD,TBD,TBD
17192,HD-86226,09:56:29.8440,-24:05:57.80,WFC3/IR,G141,0.961250,0.978370,Round trip,0.754,05,May 24  2023 15:12:45,May 24  2023 16:12:54,1,Archived,Kreidberg,0,TBD,TBD,TBD
17192,HD-86226,09:56:29.8440,-24:05:57.80,WFC3/IR,G141,0.961250,0.978370,Round trip,0.754,06,May 24  2023 16:45:32,May 24  2023 17:45:41,1,Archived,Kreidberg,0,TBD,TBD,TBD
17192,HD-86226,09:56:29.8440,-24:05:57.80,WFC3/IR,G141,0.961250,0.978370,Round trip,0.754,07,May 24  2023 18:20:41,May 24  2023 19:20:50,1,Archived,Kreidberg,0,TBD,TBD,TBD
17192,HD-86226,09:56:29.8440,-24:05:57.80,WFC3/IR,G141,0.961250,0.978370,Round trip,0.754,08,May 28  2023 12:45:40,May 28  2023 13:45:49,1,Archived,Kreidberg,0,TBD,TBD,TBD
17192,HD-86226,09:56:29.8440,-24:05:57.80,WFC3/IR,G141,0.961250,0.978370,Round trip,0.754,09,May 28  2023 14:19:26,May 28  2023 15:19:35,1,Archived,Kreidberg,0,TBD,TBD,TBD
17192,HD-86226,09:56:29.8440,-24:05:57.80,WFC3/IR,G141,0.961250,0.978370,Round trip,0.754,10,May 28  2023 15:54:35,May 28  2023 16:54:44,1,Archived,Kreidberg,0,TBD,TBD,TBD
17192,HD-86226,09:56:29.8440,-24:05:57.80,WFC3/IR,G141,0.961250,0.978370,Round trip,0.754,11,May 28  2023 17:29:43,May 28  2023 18:29:52,1,Archived,Kreidberg,0,TBD,TBD,TBD
17192,HD-86226,09:56:29.8440,-24:05:57.80,WFC3/IR,G141,0.961250,0.978370,Round trip,0.754,12,Jun 1  2023 13:27:31,Jun 1  2023 14:27:40,1,Archived,Kreidberg,0,TBD,TBD,TBD
17192,HD-86226,09:56:29.8440,-24:05:57.80,WFC3/IR,G141,0.961250,0.978370,Round trip,0.754,13,Jun 1  2023 15:02:37,Jun 1  2023 16:02:46,1,Archived,Kreidberg,0,TBD,TBD,TBD
17192,HD-86226,09:56:29.8440,-24:05:57.80,WFC3/IR,G141,0.961250,0.978370,Round trip,0.754,14,Jun 1  2023 16:37:44,Jun 1  2023 17:37:53,1,Archived,Kreidberg,0,TBD,TBD,TBD
17192,HD-86226,09:56:29.8440,-24:05:57.80,WFC3/IR,G141,0.961250,0.978370,Round trip,0.754,15,Jun 1  2023 18:12:51,Jun 1  2023 19:13:00,1,Archived,Kreidberg,0,TBD,TBD,TBD
17192,TOI-1201,02:48:59.2730,-14:32:14.94,WFC3/IR,G141,0.914710,0.932640,Forward,0.073,46,Jun 17  2023 23:32:44,Jun 18  2023 05:15:42,4,Archived,Kreidberg,0,TBD,TBD,TBD
17192,HD-191939,20:08:6.1499,+66:51:1.08,WFC3/IR,G141,0.985400,0.987000,Round trip,0.36,02,Jul 19  2023 10:38:25,Jul 19  2023 16:07:31,4,Archived,Kreidberg,0,TBD,TBD,TBD
17192,TOI-561,09:52:44.5490,+06:12:58.92,WFC3/IR,G141,0.983170,0.988000,Round trip,0.148,44,Dec 26  2023 21:35:43,Dec 27  2023 04:50:34,5,Archived,Kreidberg,0,TBD,TBD,TBD
17192,HD-86226,09:56:29.8440,-24:05:57.80,WFC3/IR,G141,0.961250,0.978370,Round trip,0.754,24,Jan 6  2024 18:46:14,Jan 6  2024 19:46:23,1,Archived,Kreidberg,0,TBD,TBD,TBD
17192,HD-86226,09:56:29.8440,-24:05:57.80,WFC3/IR,G141,0.961250,0.978370,Round trip,0.754,25,Jan 6  2024 20:21:11,Jan 6  2024 21:21:20,1,Archived,Kreidberg,0,TBD,TBD,TBD
17192,HD-86226,09:56:29.8440,-24:05:57.80,WFC3/IR,G141,0.961250,0.978370,Round trip,0.754,26,Jan 6  2024 21:56:08,Jan 6  2024 22:56:17,1,Archived,Kreidberg,0,TBD,TBD,TBD
17192,HD-86226,09:56:29.8440,-24:05:57.80,WFC3/IR,G141,0.961250,0.978370,Round trip,0.754,27,Jan 6  2024 23:31:05,Jan 7  2024 00:31:14,1,Archived,Kreidberg,0,TBD,TBD,TBD
17192,HD-86226,09:56:29.8440,-24:05:57.80,WFC3/IR,G141,0.961250,0.978370,Round trip,0.754,28,Jan 10  2024 19:17:38,Jan 10  2024 20:17:47,1,Archived,Kreidberg,0,TBD,TBD,TBD
17192,HD-86226,09:56:29.8440,-24:05:57.80,WFC3/IR,G141,0.961250,0.978370,Round trip,0.754,29,Jan 10  2024 20:52:34,Jan 10  2024 21:52:43,1,Archived,Kreidberg,0,TBD,TBD,TBD
17192,HD-86226,09:56:29.8440,-24:05:57.80,WFC3/IR,G141,0.961250,0.978370,Round trip,0.754,30,Jan 10  2024 22:27:30,Jan 10  2024 23:27:39,1,Archived,Kreidberg,0,TBD,TBD,TBD
17192,HD-86226,09:56:29.8440,-24:05:57.80,WFC3/IR,G141,0.961250,0.978370,Round trip,0.754,31,Jan 11  2024 00:02:26,Jan 11  2024 01:02:35,1,Archived,Kreidberg,0,TBD,TBD,TBD
17192,HD-86226,09:56:29.8440,-24:05:57.80,WFC3/IR,G141,0.961250,0.978370,Round trip,0.754,32,Jan 14  2024 18:13:24,Jan 14  2024 19:13:33,1,Archived,Kreidberg,0,TBD,TBD,TBD
17192,HD-86226,09:56:29.8440,-24:05:57.80,WFC3/IR,G141,0.961250,0.978370,Round trip,0.754,33,Jan 14  2024 19:48:19,Jan 14  2024 20:48:28,1,Archived,Kreidberg,0,TBD,TBD,TBD
17192,HD-86226,09:56:29.8440,-24:05:57.80,WFC3/IR,G141,0.961250,0.978370,Round trip,0.754,34,Jan 14  2024 21:23:14,Jan 14  2024 22:23:23,1,Archived,Kreidberg,0,TBD,TBD,TBD
17192,HD-86226,09:56:29.8440,-24:05:57.80,WFC3/IR,G141,0.961250,0.978370,Round trip,0.754,35,Jan 14  2024 22:58:10,Jan 14  2024 23:58:19,1,Archived,Kreidberg,0,TBD,TBD,TBD
17192,HD-86226,09:56:29.8440,-24:05:57.80,WFC3/IR,G141,0.961250,0.978370,Round trip,0.754,36,Jan 18  2024 18:43:59,Jan 18  2024 19:44:08,1,Archived,Kreidberg,0,TBD,TBD,TBD
17192,HD-86226,09:56:29.8440,-24:05:57.80,WFC3/IR,G141,0.961250,0.978370,Round trip,0.754,37,Jan 18  2024 20:18:55,Jan 18  2024 21:19:04,1,Archived,Kreidberg,0,TBD,TBD,TBD
17192,HD-86226,09:56:29.8440,-24:05:57.80,WFC3/IR,G141,0.961250,0.978370,Round trip,0.754,38,Jan 18  2024 21:53:50,Jan 18  2024 22:53:59,1,Archived,Kreidberg,0,TBD,TBD,TBD
17192,HD-86226,09:56:29.8440,-24:05:57.80,WFC3/IR,G141,0.961250,0.978370,Round trip,0.754,39,Jan 18  2024 23:28:46,Jan 19  2024 00:28:55,1,Archived,Kreidberg,0,TBD,TBD,TBD
17192,TOI-561,09:52:44.5490,+06:12:58.92,WFC3/IR,N/A,0.983170,0.988000,N/A,N/A,60,Feb 29  2024 13:45:05,Feb 29  2024 20:59:23,5,Archived,Kreidberg,0,TBD,TBD,TBD
17192,TOI-431,05:33:4.6005,-26:43:28.27,WFC3/IR,G141,0.984570,0.988850,Round trip,0.489,40,Nov 23  2023 17:13:16,Nov 24  2023 00:29:39,5,Failed,Kreidberg,0,TBD,TBD,TBD
17192,TOI-561,09:52:44.5490,+06:12:58.92,WFC3/IR,G141,0.983170,0.988000,Round trip,0.148,43,Nov 13  2023 18:24:28,Nov 14  2023 01:39:22,5,Failed,Kreidberg,0,TBD,TBD,TBD
17082,HD-185603,19:38:38.7390,+31:13:9.12,WFC3/IR,G102,0.953900,0.959900,Round trip,0.701903,02,Feb 14  2023 21:32:38,Feb 15  2023 06:37:58,6,Archived,Chachan,6,TBD,TBD,TBD
17082,HD-185603,19:38:38.7390,+31:13:9.12,WFC3/IR,G141,0.953900,0.959900,Round trip,0.701903,03,Feb 28  2023 18:43:45,Mar 1  2023 03:32:16,6,Archived,Chachan,6,TBD,TBD,TBD
17585,KEPLER-51,19:45:55.1429,+49:56:15.65,WFC3/IR,G141,0.997446,0.997934,None,None,01,Oct 29  2023 14:45:09,Oct 29  2023 23:18:40,6,Archived,Gao,0,TBD,TBD,TBD
17585,KEPLER-51,19:45:55.1429,+49:56:15.65,WFC3/IR,G141,0.997446,0.997934,None,None,02,Nov 3  2023 04:06:37,Nov 3  2023 12:55:20,6,Archived,Gao,0,TBD,TBD,TBD
17414,TOI-1410,22:19:31.9783,+42:33:36.97,WFC3/IR,G141,0.862600,0.885600,Forward,0.12,81,Jan 22  2024 23:14:43,Jan 23  2024 04:55:01,4,Archived,Kreidberg,0,TBD,TBD,TBD
17414,TOI-1410,22:19:31.9783,+42:33:36.97,WFC3/IR,G141,0.862600,0.885600,Forward,0.12,51,Feb 8  2024 23:36:51,Feb 9  2024 05:00:26,4,Archived,Kreidberg,0,TBD,TBD,TBD
17414,TOI-1759,21:47:24.7902,+62:45:13.90,WFC3/IR,G141,0.990200,0.993500,Round trip,0.12,02,Mar 15  2024 18:18:23,Mar 16  2024 01:36:10,5,Scheduled,Kreidberg,0,TBD,TBD,TBD